iso3,year,country_name,value,wb_indicator,canonical_name
AFG,2023,Afghanistan,67.5846651516385,NE.TRD.GNFS.ZS,trade_pct_gdp
AFG,2022,Afghanistan,72.8854696086536,NE.TRD.GNFS.ZS,trade_pct_gdp
AFG,2021,Afghanistan,51.4117163747271,NE.TRD.GNFS.ZS,trade_pct_gdp
AFG,2020,Afghanistan,46.7098945514103,NE.TRD.GNFS.ZS,trade_pct_gdp
ALB,2024,Albania,79.4546360752224,NE.TRD.GNFS.ZS,trade_pct_gdp
ALB,2023,Albania,82.3524933990723,NE.TRD.GNFS.ZS,trade_pct_gdp
ALB,2022,Albania,84.6980435944865,NE.TRD.GNFS.ZS,trade_pct_gdp
ALB,2021,Albania,75.5904040905009,NE.TRD.GNFS.ZS,trade_pct_gdp
ALB,2020,Albania,59.5206994391875,NE.TRD.GNFS.ZS,trade_pct_gdp
ALB,2019,Albania,75.382128932689,NE.TRD.GNFS.ZS,trade_pct_gdp
ALB,2018,Albania,75.6940783717425,NE.TRD.GNFS.ZS,trade_pct_gdp
DZA,2024,Algeria,40.1345741170703,NE.TRD.GNFS.ZS,trade_pct_gdp
DZA,2023,Algeria,43.7397984507007,NE.TRD.GNFS.ZS,trade_pct_gdp
DZA,2022,Algeria,51.1900893683897,NE.TRD.GNFS.ZS,trade_pct_gdp
DZA,2021,Algeria,46.8370592599607,NE.TRD.GNFS.ZS,trade_pct_gdp
DZA,2020,Algeria,40.3897565625388,NE.TRD.GNFS.ZS,trade_pct_gdp
DZA,2019,Algeria,46.5068426081672,NE.TRD.GNFS.ZS,trade_pct_gdp
DZA,2018,Algeria,52.4361676779223,NE.TRD.GNFS.ZS,trade_pct_gdp
ASM,2022,American Samoa,124.684270952928,NE.TRD.GNFS.ZS,trade_pct_gdp
ASM,2021,American Samoa,136.8,NE.TRD.GNFS.ZS,trade_pct_gdp
ASM,2020,American Samoa,154.368932038835,NE.TRD.GNFS.ZS,trade_pct_gdp
ASM,2019,American Samoa,156.568778979907,NE.TRD.GNFS.ZS,trade_pct_gdp
ASM,2018,American Samoa,171.830985915493,NE.TRD.GNFS.ZS,trade_pct_gdp
AGO,2024,Angola,50.8422305562091,NE.TRD.GNFS.ZS,trade_pct_gdp
AGO,2023,Angola,53.033483632308,NE.TRD.GNFS.ZS,trade_pct_gdp
AGO,2022,Angola,55.2547732713835,NE.TRD.GNFS.ZS,trade_pct_gdp
AGO,2021,Angola,61.5262136695806,NE.TRD.GNFS.ZS,trade_pct_gdp
AGO,2020,Angola,54.3442286847189,NE.TRD.GNFS.ZS,trade_pct_gdp
AGO,2019,Angola,60.7148243336685,NE.TRD.GNFS.ZS,trade_pct_gdp
AGO,2018,Angola,58.916480075976,NE.TRD.GNFS.ZS,trade_pct_gdp
ATG,2022,Antigua and Barbuda,117.703527768353,NE.TRD.GNFS.ZS,trade_pct_gdp
ATG,2021,Antigua and Barbuda,101.074960584779,NE.TRD.GNFS.ZS,trade_pct_gdp
ATG,2020,Antigua and Barbuda,94.289529886499,NE.TRD.GNFS.ZS,trade_pct_gdp
ATG,2019,Antigua and Barbuda,137.537783631991,NE.TRD.GNFS.ZS,trade_pct_gdp
ATG,2018,Antigua and Barbuda,130.655152659419,NE.TRD.GNFS.ZS,trade_pct_gdp
ARG,2024,Argentina,27.929760849367,NE.TRD.GNFS.ZS,trade_pct_gdp
ARG,2023,Argentina,26.6769512482215,NE.TRD.GNFS.ZS,trade_pct_gdp
ARG,2022,Argentina,31.5801792606256,NE.TRD.GNFS.ZS,trade_pct_gdp
ARG,2021,Argentina,33.078689567466,NE.TRD.GNFS.ZS,trade_pct_gdp
ARG,2020,Argentina,30.203698807416,NE.TRD.GNFS.ZS,trade_pct_gdp
ARG,2019,Argentina,32.6306150458499,NE.TRD.GNFS.ZS,trade_pct_gdp
ARG,2018,Argentina,30.7625359549926,NE.TRD.GNFS.ZS,trade_pct_gdp
ARM,2024,Armenia,150.064726588742,NE.TRD.GNFS.ZS,trade_pct_gdp
ARM,2023,Armenia,123.418750077627,NE.TRD.GNFS.ZS,trade_pct_gdp
ARM,2022,Armenia,103.878629213508,NE.TRD.GNFS.ZS,trade_pct_gdp
ARM,2021,Armenia,79.2489057647112,NE.TRD.GNFS.ZS,trade_pct_gdp
ARM,2020,Armenia,70.1213571368789,NE.TRD.GNFS.ZS,trade_pct_gdp
ARM,2019,Armenia,97.847004865327,NE.TRD.GNFS.ZS,trade_pct_gdp
ARM,2018,Armenia,92.473107021212,NE.TRD.GNFS.ZS,trade_pct_gdp
ABW,2024,Aruba,160.365278789947,NE.TRD.GNFS.ZS,trade_pct_gdp
ABW,2023,Aruba,159.018596924652,NE.TRD.GNFS.ZS,trade_pct_gdp
ABW,2022,Aruba,160.634546418015,NE.TRD.GNFS.ZS,trade_pct_gdp
ABW,2021,Aruba,139.917797708768,NE.TRD.GNFS.ZS,trade_pct_gdp
ABW,2020,Aruba,122.723738046404,NE.TRD.GNFS.ZS,trade_pct_gdp
ABW,2019,Aruba,137.9619293134,NE.TRD.GNFS.ZS,trade_pct_gdp
ABW,2018,Aruba,138.824972245657,NE.TRD.GNFS.ZS,trade_pct_gdp
AUS,2024,Australia,47.1453811065195,NE.TRD.GNFS.ZS,trade_pct_gdp
AUS,2023,Australia,49.044339318428,NE.TRD.GNFS.ZS,trade_pct_gdp
AUS,2022,Australia,45.6946418805752,NE.TRD.GNFS.ZS,trade_pct_gdp
AUS,2021,Australia,40.2022359390595,NE.TRD.GNFS.ZS,trade_pct_gdp
AUS,2020,Australia,44.499564103879,NE.TRD.GNFS.ZS,trade_pct_gdp
AUS,2019,Australia,46.0016827052171,NE.TRD.GNFS.ZS,trade_pct_gdp
AUS,2018,Australia,43.5732253645218,NE.TRD.GNFS.ZS,trade_pct_gdp
AUT,2024,Austria,108.825777834405,NE.TRD.GNFS.ZS,trade_pct_gdp
AUT,2023,Austria,115.152914822732,NE.TRD.GNFS.ZS,trade_pct_gdp
AUT,2022,Austria,123.579578652902,NE.TRD.GNFS.ZS,trade_pct_gdp
AUT,2021,Austria,111.032932124165,NE.TRD.GNFS.ZS,trade_pct_gdp
AUT,2020,Austria,99.9482141095975,NE.TRD.GNFS.ZS,trade_pct_gdp
AUT,2019,Austria,108.207284904426,NE.TRD.GNFS.ZS,trade_pct_gdp
AUT,2018,Austria,108.377969971828,NE.TRD.GNFS.ZS,trade_pct_gdp
AZE,2024,Azerbaijan,82.6898691594703,NE.TRD.GNFS.ZS,trade_pct_gdp
AZE,2023,Azerbaijan,83.5358861156321,NE.TRD.GNFS.ZS,trade_pct_gdp
AZE,2022,Azerbaijan,86.9822732541779,NE.TRD.GNFS.ZS,trade_pct_gdp
AZE,2021,Azerbaijan,76.286865687015,NE.TRD.GNFS.ZS,trade_pct_gdp
AZE,2020,Azerbaijan,72.0178676487811,NE.TRD.GNFS.ZS,trade_pct_gdp
AZE,2019,Azerbaijan,85.8181454084561,NE.TRD.GNFS.ZS,trade_pct_gdp
AZE,2018,Azerbaijan,91.6725765369825,NE.TRD.GNFS.ZS,trade_pct_gdp
BHS,2024,"Bahamas, The",79.2424586933455,NE.TRD.GNFS.ZS,trade_pct_gdp
BHS,2023,"Bahamas, The",76.5494751592857,NE.TRD.GNFS.ZS,trade_pct_gdp
BHS,2022,"Bahamas, The",75.9829601059237,NE.TRD.GNFS.ZS,trade_pct_gdp
BHS,2021,"Bahamas, The",65.9325413308964,NE.TRD.GNFS.ZS,trade_pct_gdp
BHS,2020,"Bahamas, The",53.4207580670063,NE.TRD.GNFS.ZS,trade_pct_gdp
BHS,2019,"Bahamas, The",68.7866234842208,NE.TRD.GNFS.ZS,trade_pct_gdp
BHS,2018,"Bahamas, The",72.1542685971043,NE.TRD.GNFS.ZS,trade_pct_gdp
BHR,2024,Bahrain,157.818492147586,NE.TRD.GNFS.ZS,trade_pct_gdp
BHR,2023,Bahrain,157.447854682297,NE.TRD.GNFS.ZS,trade_pct_gdp
BHR,2022,Bahrain,167.141241152535,NE.TRD.GNFS.ZS,trade_pct_gdp
BHR,2021,Bahrain,153.799316485108,NE.TRD.GNFS.ZS,trade_pct_gdp
BHR,2020,Bahrain,135.460985012931,NE.TRD.GNFS.ZS,trade_pct_gdp
BHR,2019,Bahrain,135.417543398211,NE.TRD.GNFS.ZS,trade_pct_gdp
BHR,2018,Bahrain,144.075372574535,NE.TRD.GNFS.ZS,trade_pct_gdp
BGD,2024,Bangladesh,26.7780758040478,NE.TRD.GNFS.ZS,trade_pct_gdp
BGD,2023,Bangladesh,30.9829714104596,NE.TRD.GNFS.ZS,trade_pct_gdp
BGD,2022,Bangladesh,33.7799672705735,NE.TRD.GNFS.ZS,trade_pct_gdp
BGD,2021,Bangladesh,27.7240047036631,NE.TRD.GNFS.ZS,trade_pct_gdp
BGD,2020,Bangladesh,26.271447376215,NE.TRD.GNFS.ZS,trade_pct_gdp
BGD,2019,Bangladesh,31.5780544912404,NE.TRD.GNFS.ZS,trade_pct_gdp
BGD,2018,Bangladesh,32.5146317240884,NE.TRD.GNFS.ZS,trade_pct_gdp
BLR,2024,Belarus,131.91792910245,NE.TRD.GNFS.ZS,trade_pct_gdp
BLR,2023,Belarus,131.584674884961,NE.TRD.GNFS.ZS,trade_pct_gdp
BLR,2022,Belarus,120.024207576094,NE.TRD.GNFS.ZS,trade_pct_gdp
BLR,2021,Belarus,136.014167877476,NE.TRD.GNFS.ZS,trade_pct_gdp
BLR,2020,Belarus,118.934176146534,NE.TRD.GNFS.ZS,trade_pct_gdp
BLR,2019,Belarus,130.850406102184,NE.TRD.GNFS.ZS,trade_pct_gdp
BLR,2018,Belarus,139.393736250171,NE.TRD.GNFS.ZS,trade_pct_gdp
BEL,2024,Belgium,158.931826338067,NE.TRD.GNFS.ZS,trade_pct_gdp
BEL,2023,Belgium,165.846946501713,NE.TRD.GNFS.ZS,trade_pct_gdp
BEL,2022,Belgium,191.179031303786,NE.TRD.GNFS.ZS,trade_pct_gdp
BEL,2021,Belgium,177.381892440073,NE.TRD.GNFS.ZS,trade_pct_gdp
BEL,2020,Belgium,156.950121282783,NE.TRD.GNFS.ZS,trade_pct_gdp
BEL,2019,Belgium,165.46547893199,NE.TRD.GNFS.ZS,trade_pct_gdp
BEL,2018,Belgium,168.277692877218,NE.TRD.GNFS.ZS,trade_pct_gdp
BLZ,2024,Belize,108.972446521476,NE.TRD.GNFS.ZS,trade_pct_gdp
BLZ,2023,Belize,106.400505850771,NE.TRD.GNFS.ZS,trade_pct_gdp
BLZ,2022,Belize,107.840250086037,NE.TRD.GNFS.ZS,trade_pct_gdp
BLZ,2021,Belize,98.9824369429997,NE.TRD.GNFS.ZS,trade_pct_gdp
BLZ,2020,Belize,81.6431433128545,NE.TRD.GNFS.ZS,trade_pct_gdp
BLZ,2019,Belize,102.441856907677,NE.TRD.GNFS.ZS,trade_pct_gdp
BLZ,2018,Belize,100.989214362975,NE.TRD.GNFS.ZS,trade_pct_gdp
BEN,2024,Benin,40.6398022401523,NE.TRD.GNFS.ZS,trade_pct_gdp
BEN,2023,Benin,44.6631308180211,NE.TRD.GNFS.ZS,trade_pct_gdp
BEN,2022,Benin,44.3815928877424,NE.TRD.GNFS.ZS,trade_pct_gdp
BEN,2021,Benin,48.0548608324409,NE.TRD.GNFS.ZS,trade_pct_gdp
BEN,2020,Benin,44.8332333768726,NE.TRD.GNFS.ZS,trade_pct_gdp
BEN,2019,Benin,63.68133231423,NE.TRD.GNFS.ZS,trade_pct_gdp
BEN,2018,Benin,61.7951944903448,NE.TRD.GNFS.ZS,trade_pct_gdp
BMU,2024,Bermuda,75.2902443250736,NE.TRD.GNFS.ZS,trade_pct_gdp
BMU,2023,Bermuda,73.5909186382666,NE.TRD.GNFS.ZS,trade_pct_gdp
BMU,2022,Bermuda,75.1972250263227,NE.TRD.GNFS.ZS,trade_pct_gdp
BMU,2021,Bermuda,71.4081698076429,NE.TRD.GNFS.ZS,trade_pct_gdp
BMU,2020,Bermuda,69.1937002313222,NE.TRD.GNFS.ZS,trade_pct_gdp
BMU,2019,Bermuda,77.5601016506443,NE.TRD.GNFS.ZS,trade_pct_gdp
BMU,2018,Bermuda,77.5552703807388,NE.TRD.GNFS.ZS,trade_pct_gdp
BTN,2023,Bhutan,81.7366278688545,NE.TRD.GNFS.ZS,trade_pct_gdp
BTN,2022,Bhutan,85.5712165226139,NE.TRD.GNFS.ZS,trade_pct_gdp
BTN,2021,Bhutan,77.5824482709826,NE.TRD.GNFS.ZS,trade_pct_gdp
BTN,2020,Bhutan,71.8303510394637,NE.TRD.GNFS.ZS,trade_pct_gdp
BTN,2019,Bhutan,76.1235167041505,NE.TRD.GNFS.ZS,trade_pct_gdp
BTN,2018,Bhutan,79.7397203296083,NE.TRD.GNFS.ZS,trade_pct_gdp
BOL,2024,Bolivia,46.9778716148403,NE.TRD.GNFS.ZS,trade_pct_gdp
BOL,2023,Bolivia,49.6083255594597,NE.TRD.GNFS.ZS,trade_pct_gdp
BOL,2022,Bolivia,57.5249335789631,NE.TRD.GNFS.ZS,trade_pct_gdp
BOL,2021,Bolivia,47.6670843158984,NE.TRD.GNFS.ZS,trade_pct_gdp
BOL,2020,Bolivia,37.5164342446486,NE.TRD.GNFS.ZS,trade_pct_gdp
BOL,2019,Bolivia,45.8209732749024,NE.TRD.GNFS.ZS,trade_pct_gdp
BOL,2018,Bolivia,46.9261953417368,NE.TRD.GNFS.ZS,trade_pct_gdp
BIH,2024,Bosnia and Herzegovina,95.1562957108171,NE.TRD.GNFS.ZS,trade_pct_gdp
BIH,2023,Bosnia and Herzegovina,99.6330317954442,NE.TRD.GNFS.ZS,trade_pct_gdp
BIH,2022,Bosnia and Herzegovina,110.205284377387,NE.TRD.GNFS.ZS,trade_pct_gdp
BIH,2021,Bosnia and Herzegovina,96.7391144408744,NE.TRD.GNFS.ZS,trade_pct_gdp
BIH,2020,Bosnia and Herzegovina,82.5216467994007,NE.TRD.GNFS.ZS,trade_pct_gdp
BIH,2019,Bosnia and Herzegovina,94.516125154246,NE.TRD.GNFS.ZS,trade_pct_gdp
BIH,2018,Bosnia and Herzegovina,98.4320694182631,NE.TRD.GNFS.ZS,trade_pct_gdp
BWA,2024,Botswana,71.1052579052124,NE.TRD.GNFS.ZS,trade_pct_gdp
BWA,2023,Botswana,68.8033578360816,NE.TRD.GNFS.ZS,trade_pct_gdp
BWA,2022,Botswana,85.6117077543432,NE.TRD.GNFS.ZS,trade_pct_gdp
BWA,2021,Botswana,88.7587495865805,NE.TRD.GNFS.ZS,trade_pct_gdp
BWA,2020,Botswana,77.6634178592071,NE.TRD.GNFS.ZS,trade_pct_gdp
BWA,2019,Botswana,83.0929813601175,NE.TRD.GNFS.ZS,trade_pct_gdp
BWA,2018,Botswana,87.4551039946493,NE.TRD.GNFS.ZS,trade_pct_gdp
BRA,2024,Brazil,35.5845239385389,NE.TRD.GNFS.ZS,trade_pct_gdp
BRA,2023,Brazil,33.6662298301284,NE.TRD.GNFS.ZS,trade_pct_gdp
BRA,2022,Brazil,38.8160659764321,NE.TRD.GNFS.ZS,trade_pct_gdp
BRA,2021,Brazil,37.6563307592575,NE.TRD.GNFS.ZS,trade_pct_gdp
BRA,2020,Brazil,32.3020785443492,NE.TRD.GNFS.ZS,trade_pct_gdp
BRA,2019,Brazil,28.8902578697354,NE.TRD.GNFS.ZS,trade_pct_gdp
BRA,2018,Brazil,28.876203376153,NE.TRD.GNFS.ZS,trade_pct_gdp
BRN,2024,Brunei Darussalam,132.587439642245,NE.TRD.GNFS.ZS,trade_pct_gdp
BRN,2023,Brunei Darussalam,136.86343465048,NE.TRD.GNFS.ZS,trade_pct_gdp
BRN,2022,Brunei Darussalam,146.973965879597,NE.TRD.GNFS.ZS,trade_pct_gdp
BRN,2021,Brunei Darussalam,147.123112375318,NE.TRD.GNFS.ZS,trade_pct_gdp
BRN,2020,Brunei Darussalam,110.291003658452,NE.TRD.GNFS.ZS,trade_pct_gdp
BRN,2019,Brunei Darussalam,108.509658357959,NE.TRD.GNFS.ZS,trade_pct_gdp
BRN,2018,Brunei Darussalam,93.8980617666778,NE.TRD.GNFS.ZS,trade_pct_gdp
BGR,2024,Bulgaria,110.22631455921,NE.TRD.GNFS.ZS,trade_pct_gdp
BGR,2023,Bulgaria,119.899505956556,NE.TRD.GNFS.ZS,trade_pct_gdp
BGR,2022,Bulgaria,138.844877241238,NE.TRD.GNFS.ZS,trade_pct_gdp
BGR,2021,Bulgaria,121.214088263823,NE.TRD.GNFS.ZS,trade_pct_gdp
BGR,2020,Bulgaria,110.423899846249,NE.TRD.GNFS.ZS,trade_pct_gdp
BGR,2019,Bulgaria,125.260418346411,NE.TRD.GNFS.ZS,trade_pct_gdp
BGR,2018,Bulgaria,129.166502930632,NE.TRD.GNFS.ZS,trade_pct_gdp
BFA,2024,Burkina Faso,60.5024222912348,NE.TRD.GNFS.ZS,trade_pct_gdp
BFA,2023,Burkina Faso,63.1326851693299,NE.TRD.GNFS.ZS,trade_pct_gdp
BFA,2022,Burkina Faso,67.5202901331655,NE.TRD.GNFS.ZS,trade_pct_gdp
BFA,2021,Burkina Faso,62.4203586607795,NE.TRD.GNFS.ZS,trade_pct_gdp
BFA,2020,Burkina Faso,60.7397786403239,NE.TRD.GNFS.ZS,trade_pct_gdp
BFA,2019,Burkina Faso,60.4086928753226,NE.TRD.GNFS.ZS,trade_pct_gdp
BFA,2018,Burkina Faso,60.5956256236488,NE.TRD.GNFS.ZS,trade_pct_gdp
CPV,2024,Cabo Verde,96.5053536678629,NE.TRD.GNFS.ZS,trade_pct_gdp
CPV,2023,Cabo Verde,95.0324943346692,NE.TRD.GNFS.ZS,trade_pct_gdp
CPV,2022,Cabo Verde,96.9941368513357,NE.TRD.GNFS.ZS,trade_pct_gdp
CPV,2021,Cabo Verde,77.4550586265341,NE.TRD.GNFS.ZS,trade_pct_gdp
CPV,2020,Cabo Verde,78.3934545931901,NE.TRD.GNFS.ZS,trade_pct_gdp
CPV,2019,Cabo Verde,103.602656463726,NE.TRD.GNFS.ZS,trade_pct_gdp
CPV,2018,Cabo Verde,105.867524052105,NE.TRD.GNFS.ZS,trade_pct_gdp
KHM,2024,Cambodia,143.447009703011,NE.TRD.GNFS.ZS,trade_pct_gdp
KHM,2023,Cambodia,134.206842395931,NE.TRD.GNFS.ZS,trade_pct_gdp
KHM,2022,Cambodia,145.873632761406,NE.TRD.GNFS.ZS,trade_pct_gdp
KHM,2021,Cambodia,146.179846509715,NE.TRD.GNFS.ZS,trade_pct_gdp
KHM,2020,Cambodia,122.105396346568,NE.TRD.GNFS.ZS,trade_pct_gdp
KHM,2019,Cambodia,115.736679072448,NE.TRD.GNFS.ZS,trade_pct_gdp
KHM,2018,Cambodia,118.43765541305,NE.TRD.GNFS.ZS,trade_pct_gdp
CMR,2024,Cameroon,34.4031785915423,NE.TRD.GNFS.ZS,trade_pct_gdp
CMR,2023,Cameroon,37.8903321242578,NE.TRD.GNFS.ZS,trade_pct_gdp
CMR,2022,Cameroon,41.2866025594679,NE.TRD.GNFS.ZS,trade_pct_gdp
CMR,2021,Cameroon,36.7308347188558,NE.TRD.GNFS.ZS,trade_pct_gdp
CMR,2020,Cameroon,33.7388313623871,NE.TRD.GNFS.ZS,trade_pct_gdp
CMR,2019,Cameroon,43.3785132480415,NE.TRD.GNFS.ZS,trade_pct_gdp
CMR,2018,Cameroon,40.587602877028,NE.TRD.GNFS.ZS,trade_pct_gdp
CAN,2024,Canada,65.1499212653783,NE.TRD.GNFS.ZS,trade_pct_gdp
CAN,2023,Canada,66.6323313370668,NE.TRD.GNFS.ZS,trade_pct_gdp
CAN,2022,Canada,67.3176215563989,NE.TRD.GNFS.ZS,trade_pct_gdp
CAN,2021,Canada,62.2468367159421,NE.TRD.GNFS.ZS,trade_pct_gdp
CAN,2020,Canada,61.1567709632763,NE.TRD.GNFS.ZS,trade_pct_gdp
CAN,2019,Canada,66.1714852804959,NE.TRD.GNFS.ZS,trade_pct_gdp
CAN,2018,Canada,66.5998858508762,NE.TRD.GNFS.ZS,trade_pct_gdp
CYM,2020,Cayman Islands,105.472790158919,NE.TRD.GNFS.ZS,trade_pct_gdp
CYM,2019,Cayman Islands,114.83853985004,NE.TRD.GNFS.ZS,trade_pct_gdp
CYM,2018,Cayman Islands,117.117122140321,NE.TRD.GNFS.ZS,trade_pct_gdp
CAF,2024,Central African Republic,46.4318999802251,NE.TRD.GNFS.ZS,trade_pct_gdp
CAF,2023,Central African Republic,43.480570208358,NE.TRD.GNFS.ZS,trade_pct_gdp
CAF,2022,Central African Republic,45.23357000162,NE.TRD.GNFS.ZS,trade_pct_gdp
CAF,2021,Central African Republic,44.159119995104,NE.TRD.GNFS.ZS,trade_pct_gdp
CAF,2020,Central African Republic,49.5210200011921,NE.TRD.GNFS.ZS,trade_pct_gdp
CAF,2019,Central African Republic,50.0658000014868,NE.TRD.GNFS.ZS,trade_pct_gdp
CAF,2018,Central African Republic,49.6602000024318,NE.TRD.GNFS.ZS,trade_pct_gdp
TCD,2024,Chad,47.8679892951699,NE.TRD.GNFS.ZS,trade_pct_gdp
TCD,2023,Chad,46.8951015094343,NE.TRD.GNFS.ZS,trade_pct_gdp
TCD,2022,Chad,47.9883784319429,NE.TRD.GNFS.ZS,trade_pct_gdp
TCD,2021,Chad,43.9465041015895,NE.TRD.GNFS.ZS,trade_pct_gdp
TCD,2020,Chad,40.6428170621932,NE.TRD.GNFS.ZS,trade_pct_gdp
TCD,2019,Chad,46.6777247152768,NE.TRD.GNFS.ZS,trade_pct_gdp
TCD,2018,Chad,46.7384317860183,NE.TRD.GNFS.ZS,trade_pct_gdp
CHL,2024,Chile,63.859857248066,NE.TRD.GNFS.ZS,trade_pct_gdp
CHL,2023,Chile,60.7247236874408,NE.TRD.GNFS.ZS,trade_pct_gdp
CHL,2022,Chile,75.2016177425303,NE.TRD.GNFS.ZS,trade_pct_gdp
CHL,2021,Chile,64.8774063237834,NE.TRD.GNFS.ZS,trade_pct_gdp
CHL,2020,Chile,58.1828635629748,NE.TRD.GNFS.ZS,trade_pct_gdp
CHL,2019,Chile,57.6117545680829,NE.TRD.GNFS.ZS,trade_pct_gdp
CHL,2018,Chile,58.177050633437,NE.TRD.GNFS.ZS,trade_pct_gdp
CHN,2024,China,37.1984201388065,NE.TRD.GNFS.ZS,trade_pct_gdp
CHN,2023,China,36.1051923691138,NE.TRD.GNFS.ZS,trade_pct_gdp
CHN,2022,China,37.440719876366,NE.TRD.GNFS.ZS,trade_pct_gdp
CHN,2021,China,36.5206911762676,NE.TRD.GNFS.ZS,trade_pct_gdp
CHN,2020,China,34.0389507864581,NE.TRD.GNFS.ZS,trade_pct_gdp
CHN,2019,China,35.1994202738836,NE.TRD.GNFS.ZS,trade_pct_gdp
CHN,2018,China,36.8943843914718,NE.TRD.GNFS.ZS,trade_pct_gdp
COL,2024,Colombia,37.0254687077888,NE.TRD.GNFS.ZS,trade_pct_gdp
COL,2023,Colombia,40.3881324933957,NE.TRD.GNFS.ZS,trade_pct_gdp
COL,2022,Colombia,48.2826551123359,NE.TRD.GNFS.ZS,trade_pct_gdp
COL,2021,Colombia,40.0591463936128,NE.TRD.GNFS.ZS,trade_pct_gdp
COL,2020,Colombia,34.0555709680101,NE.TRD.GNFS.ZS,trade_pct_gdp
COL,2019,Colombia,37.558533980839,NE.TRD.GNFS.ZS,trade_pct_gdp
COL,2018,Colombia,36.5347527968973,NE.TRD.GNFS.ZS,trade_pct_gdp
COM,2024,Comoros,44.3731767499027,NE.TRD.GNFS.ZS,trade_pct_gdp
COM,2023,Comoros,45.6837789196272,NE.TRD.GNFS.ZS,trade_pct_gdp
COM,2022,Comoros,50.3887704814699,NE.TRD.GNFS.ZS,trade_pct_gdp
COM,2021,Comoros,42.0677236368446,NE.TRD.GNFS.ZS,trade_pct_gdp
COM,2020,Comoros,33.7299346029218,NE.TRD.GNFS.ZS,trade_pct_gdp
COM,2019,Comoros,42.2680785372908,NE.TRD.GNFS.ZS,trade_pct_gdp
COM,2018,Comoros,42.9961533369453,NE.TRD.GNFS.ZS,trade_pct_gdp
COD,2024,"Congo, Dem. Rep.",100.554088317275,NE.TRD.GNFS.ZS,trade_pct_gdp
COD,2023,"Congo, Dem. Rep.",86.7400581798289,NE.TRD.GNFS.ZS,trade_pct_gdp
COD,2022,"Congo, Dem. Rep.",85.8221691879958,NE.TRD.GNFS.ZS,trade_pct_gdp
COD,2021,"Congo, Dem. Rep.",75.3870523860732,NE.TRD.GNFS.ZS,trade_pct_gdp
COD,2020,"Congo, Dem. Rep.",61.0284707727916,NE.TRD.GNFS.ZS,trade_pct_gdp
COD,2019,"Congo, Dem. Rep.",60.9143523742792,NE.TRD.GNFS.ZS,trade_pct_gdp
COD,2018,"Congo, Dem. Rep.",72.5591739081336,NE.TRD.GNFS.ZS,trade_pct_gdp
COG,2024,"Congo, Rep.",93.1881220839752,NE.TRD.GNFS.ZS,trade_pct_gdp
COG,2023,"Congo, Rep.",96.2103944039618,NE.TRD.GNFS.ZS,trade_pct_gdp
COG,2022,"Congo, Rep.",98.1613366922001,NE.TRD.GNFS.ZS,trade_pct_gdp
COG,2021,"Congo, Rep.",85.5462031552188,NE.TRD.GNFS.ZS,trade_pct_gdp
COG,2020,"Congo, Rep.",69.3066247188397,NE.TRD.GNFS.ZS,trade_pct_gdp
COG,2019,"Congo, Rep.",91.5757547930374,NE.TRD.GNFS.ZS,trade_pct_gdp
COG,2018,"Congo, Rep.",100.583216779714,NE.TRD.GNFS.ZS,trade_pct_gdp
CRI,2024,Costa Rica,71.3310137687617,NE.TRD.GNFS.ZS,trade_pct_gdp
CRI,2023,Costa Rica,72.4719990801769,NE.TRD.GNFS.ZS,trade_pct_gdp
CRI,2022,Costa Rica,82.2275325353143,NE.TRD.GNFS.ZS,trade_pct_gdp
CRI,2021,Costa Rica,70.7816423027085,NE.TRD.GNFS.ZS,trade_pct_gdp
CRI,2020,Costa Rica,60.1398862509533,NE.TRD.GNFS.ZS,trade_pct_gdp
CRI,2019,Costa Rica,65.7605300176622,NE.TRD.GNFS.ZS,trade_pct_gdp
CRI,2018,Costa Rica,66.945342016636,NE.TRD.GNFS.ZS,trade_pct_gdp
CIV,2024,Cote d'Ivoire,51.2640379409119,NE.TRD.GNFS.ZS,trade_pct_gdp
CIV,2023,Cote d'Ivoire,48.8170039103332,NE.TRD.GNFS.ZS,trade_pct_gdp
CIV,2022,Cote d'Ivoire,52.8663910413483,NE.TRD.GNFS.ZS,trade_pct_gdp
CIV,2021,Cote d'Ivoire,45.1140327762435,NE.TRD.GNFS.ZS,trade_pct_gdp
CIV,2020,Cote d'Ivoire,41.9426318190526,NE.TRD.GNFS.ZS,trade_pct_gdp
CIV,2019,Cote d'Ivoire,44.6604105830795,NE.TRD.GNFS.ZS,trade_pct_gdp
CIV,2018,Cote d'Ivoire,46.040028237159,NE.TRD.GNFS.ZS,trade_pct_gdp
HRV,2024,Croatia,104.912326073253,NE.TRD.GNFS.ZS,trade_pct_gdp
HRV,2023,Croatia,107.278314008304,NE.TRD.GNFS.ZS,trade_pct_gdp
HRV,2022,Croatia,125.410877974694,NE.TRD.GNFS.ZS,trade_pct_gdp
HRV,2021,Croatia,102.328697150799,NE.TRD.GNFS.ZS,trade_pct_gdp
HRV,2020,Croatia,89.5480523143212,NE.TRD.GNFS.ZS,trade_pct_gdp
HRV,2019,Croatia,101.394766564216,NE.TRD.GNFS.ZS,trade_pct_gdp
HRV,2018,Croatia,99.0848546362534,NE.TRD.GNFS.ZS,trade_pct_gdp
CUB,2024,Cuba,124.863238865053,NE.TRD.GNFS.ZS,trade_pct_gdp
CUB,2023,Cuba,120.533878427187,NE.TRD.GNFS.ZS,trade_pct_gdp
CUB,2022,Cuba,93.8607755890525,NE.TRD.GNFS.ZS,trade_pct_gdp
CUB,2021,Cuba,80.0237703083904,NE.TRD.GNFS.ZS,trade_pct_gdp
CUB,2020,Cuba,15.6829868097474,NE.TRD.GNFS.ZS,trade_pct_gdp
CUB,2019,Cuba,22.8208911354416,NE.TRD.GNFS.ZS,trade_pct_gdp
CUB,2018,Cuba,27.0835484486147,NE.TRD.GNFS.ZS,trade_pct_gdp
CUW,2018,Curacao,155.268858003963,NE.TRD.GNFS.ZS,trade_pct_gdp
CYP,2024,Cyprus,190.40287092076,NE.TRD.GNFS.ZS,trade_pct_gdp
CYP,2023,Cyprus,190.740788408329,NE.TRD.GNFS.ZS,trade_pct_gdp
CYP,2022,Cyprus,205.753543745524,NE.TRD.GNFS.ZS,trade_pct_gdp
CYP,2021,Cyprus,176.82773681987,NE.TRD.GNFS.ZS,trade_pct_gdp
CYP,2020,Cyprus,160.66871645997,NE.TRD.GNFS.ZS,trade_pct_gdp
CYP,2019,Cyprus,150.506169561162,NE.TRD.GNFS.ZS,trade_pct_gdp
CYP,2018,Cyprus,147.623567410054,NE.TRD.GNFS.ZS,trade_pct_gdp
CZE,2024,Czechia,131.484981069952,NE.TRD.GNFS.ZS,trade_pct_gdp
CZE,2023,Czechia,131.892598295876,NE.TRD.GNFS.ZS,trade_pct_gdp
CZE,2022,Czechia,144.011494109397,NE.TRD.GNFS.ZS,trade_pct_gdp
CZE,2021,Czechia,137.378116302868,NE.TRD.GNFS.ZS,trade_pct_gdp
CZE,2020,Czechia,128.780430305965,NE.TRD.GNFS.ZS,trade_pct_gdp
CZE,2019,Czechia,138.154609993871,NE.TRD.GNFS.ZS,trade_pct_gdp
CZE,2018,Czechia,145.141717890789,NE.TRD.GNFS.ZS,trade_pct_gdp
DNK,2024,Denmark,131.765030975207,NE.TRD.GNFS.ZS,trade_pct_gdp
DNK,2023,Denmark,129.625337431278,NE.TRD.GNFS.ZS,trade_pct_gdp
DNK,2022,Denmark,131.995824909071,NE.TRD.GNFS.ZS,trade_pct_gdp
DNK,2021,Denmark,112.321472697291,NE.TRD.GNFS.ZS,trade_pct_gdp
DNK,2020,Denmark,104.433432671151,NE.TRD.GNFS.ZS,trade_pct_gdp
DNK,2019,Denmark,111.891475065653,NE.TRD.GNFS.ZS,trade_pct_gdp
DNK,2018,Denmark,108.813985501909,NE.TRD.GNFS.ZS,trade_pct_gdp
DJI,2024,Djibouti,241.237463098287,NE.TRD.GNFS.ZS,trade_pct_gdp
DJI,2023,Djibouti,285.902043800644,NE.TRD.GNFS.ZS,trade_pct_gdp
DJI,2022,Djibouti,302.285409231545,NE.TRD.GNFS.ZS,trade_pct_gdp
DJI,2021,Djibouti,263.477728733891,NE.TRD.GNFS.ZS,trade_pct_gdp
DJI,2020,Djibouti,225.744871323723,NE.TRD.GNFS.ZS,trade_pct_gdp
DJI,2019,Djibouti,320.93923036418,NE.TRD.GNFS.ZS,trade_pct_gdp
DJI,2018,Djibouti,300.398900523844,NE.TRD.GNFS.ZS,trade_pct_gdp
DOM,2024,Dominican Republic,51.7835143952326,NE.TRD.GNFS.ZS,trade_pct_gdp
DOM,2023,Dominican Republic,49.8436131764417,NE.TRD.GNFS.ZS,trade_pct_gdp
DOM,2022,Dominican Republic,54.3781976712844,NE.TRD.GNFS.ZS,trade_pct_gdp
DOM,2021,Dominican Republic,51.9500227303115,NE.TRD.GNFS.ZS,trade_pct_gdp
DOM,2020,Dominican Republic,44.7331613466756,NE.TRD.GNFS.ZS,trade_pct_gdp
DOM,2019,Dominican Republic,50.912982200697,NE.TRD.GNFS.ZS,trade_pct_gdp
DOM,2018,Dominican Republic,52.3351709577013,NE.TRD.GNFS.ZS,trade_pct_gdp
ECU,2024,Ecuador,57.2031395531255,NE.TRD.GNFS.ZS,trade_pct_gdp
ECU,2023,Ecuador,56.9977535649091,NE.TRD.GNFS.ZS,trade_pct_gdp
ECU,2022,Ecuador,61.880792818786,NE.TRD.GNFS.ZS,trade_pct_gdp
ECU,2021,Ecuador,53.261275610573,NE.TRD.GNFS.ZS,trade_pct_gdp
ECU,2020,Ecuador,43.9893109378389,NE.TRD.GNFS.ZS,trade_pct_gdp
ECU,2019,Ecuador,48.0828494933307,NE.TRD.GNFS.ZS,trade_pct_gdp
ECU,2018,Ecuador,48.0093476154836,NE.TRD.GNFS.ZS,trade_pct_gdp
EGY,2024,"Egypt, Arab Rep.",39.6007520873733,NE.TRD.GNFS.ZS,trade_pct_gdp
EGY,2023,"Egypt, Arab Rep.",40.4504007720031,NE.TRD.GNFS.ZS,trade_pct_gdp
EGY,2022,"Egypt, Arab Rep.",36.9831048772713,NE.TRD.GNFS.ZS,trade_pct_gdp
EGY,2021,"Egypt, Arab Rep.",29.8569734808122,NE.TRD.GNFS.ZS,trade_pct_gdp
EGY,2020,"Egypt, Arab Rep.",32.1262555667523,NE.TRD.GNFS.ZS,trade_pct_gdp
EGY,2019,"Egypt, Arab Rep.",41.1240171551108,NE.TRD.GNFS.ZS,trade_pct_gdp
EGY,2018,"Egypt, Arab Rep.",45.9110196733959,NE.TRD.GNFS.ZS,trade_pct_gdp
SLV,2024,El Salvador,84.6596461582312,NE.TRD.GNFS.ZS,trade_pct_gdp
SLV,2023,El Salvador,81.7147723425988,NE.TRD.GNFS.ZS,trade_pct_gdp
SLV,2022,El Salvador,88.7011093776867,NE.TRD.GNFS.ZS,trade_pct_gdp
SLV,2021,El Salvador,81.8450759800765,NE.TRD.GNFS.ZS,trade_pct_gdp
SLV,2020,El Salvador,66.4595069497083,NE.TRD.GNFS.ZS,trade_pct_gdp
SLV,2019,El Salvador,76.0420130991468,NE.TRD.GNFS.ZS,trade_pct_gdp
SLV,2018,El Salvador,75.6336168879956,NE.TRD.GNFS.ZS,trade_pct_gdp
GNQ,2024,Equatorial Guinea,60.5414510975907,NE.TRD.GNFS.ZS,trade_pct_gdp
GNQ,2023,Equatorial Guinea,61.443281519042,NE.TRD.GNFS.ZS,trade_pct_gdp
GNQ,2022,Equatorial Guinea,81.8130161368099,NE.TRD.GNFS.ZS,trade_pct_gdp
GNQ,2021,Equatorial Guinea,76.9666485998527,NE.TRD.GNFS.ZS,trade_pct_gdp
GNQ,2020,Equatorial Guinea,77.9278846441807,NE.TRD.GNFS.ZS,trade_pct_gdp
GNQ,2019,Equatorial Guinea,94.8787924253545,NE.TRD.GNFS.ZS,trade_pct_gdp
GNQ,2018,Equatorial Guinea,103.645681622953,NE.TRD.GNFS.ZS,trade_pct_gdp
EST,2024,Estonia,151.037702410455,NE.TRD.GNFS.ZS,trade_pct_gdp
EST,2023,Estonia,154.592617111149,NE.TRD.GNFS.ZS,trade_pct_gdp
EST,2022,Estonia,175.68711950524,NE.TRD.GNFS.ZS,trade_pct_gdp
EST,2021,Estonia,160.471922305927,NE.TRD.GNFS.ZS,trade_pct_gdp
EST,2020,Estonia,137.392641283846,NE.TRD.GNFS.ZS,trade_pct_gdp
EST,2019,Estonia,140.352147998549,NE.TRD.GNFS.ZS,trade_pct_gdp
EST,2018,Estonia,143.485224864735,NE.TRD.GNFS.ZS,trade_pct_gdp
SWZ,2024,Eswatini,107.480621053879,NE.TRD.GNFS.ZS,trade_pct_gdp
SWZ,2023,Eswatini,99.7246110815617,NE.TRD.GNFS.ZS,trade_pct_gdp
SWZ,2022,Eswatini,92.5715871298334,NE.TRD.GNFS.ZS,trade_pct_gdp
SWZ,2021,Eswatini,89.9313874866569,NE.TRD.GNFS.ZS,trade_pct_gdp
SWZ,2020,Eswatini,84.0140188426878,NE.TRD.GNFS.ZS,trade_pct_gdp
SWZ,2019,Eswatini,86.6407948477595,NE.TRD.GNFS.ZS,trade_pct_gdp
SWZ,2018,Eswatini,85.4927768173538,NE.TRD.GNFS.ZS,trade_pct_gdp
ETH,2024,Ethiopia,17.4004358583187,NE.TRD.GNFS.ZS,trade_pct_gdp
ETH,2023,Ethiopia,20.5982015072652,NE.TRD.GNFS.ZS,trade_pct_gdp
ETH,2022,Ethiopia,26.5954996967313,NE.TRD.GNFS.ZS,trade_pct_gdp
ETH,2021,Ethiopia,24.3450574647644,NE.TRD.GNFS.ZS,trade_pct_gdp
ETH,2020,Ethiopia,24.0061143401794,NE.TRD.GNFS.ZS,trade_pct_gdp
ETH,2019,Ethiopia,28.8152939288346,NE.TRD.GNFS.ZS,trade_pct_gdp
ETH,2018,Ethiopia,31.1993689777881,NE.TRD.GNFS.ZS,trade_pct_gdp
FRO,2024,Faroe Islands,105.752803037623,NE.TRD.GNFS.ZS,trade_pct_gdp
FRO,2023,Faroe Islands,113.336400780359,NE.TRD.GNFS.ZS,trade_pct_gdp
FRO,2022,Faroe Islands,122.86334141193,NE.TRD.GNFS.ZS,trade_pct_gdp
FRO,2021,Faroe Islands,103.488037146112,NE.TRD.GNFS.ZS,trade_pct_gdp
FRO,2020,Faroe Islands,96.2241937518396,NE.TRD.GNFS.ZS,trade_pct_gdp
FRO,2019,Faroe Islands,108.623245950251,NE.TRD.GNFS.ZS,trade_pct_gdp
FRO,2018,Faroe Islands,106.874664759521,NE.TRD.GNFS.ZS,trade_pct_gdp
FIN,2024,Finland,83.4601015353507,NE.TRD.GNFS.ZS,trade_pct_gdp
FIN,2023,Finland,85.5633906057585,NE.TRD.GNFS.ZS,trade_pct_gdp
FIN,2022,Finland,94.5625340522667,NE.TRD.GNFS.ZS,trade_pct_gdp
FIN,2021,Finland,79.7892781913782,NE.TRD.GNFS.ZS,trade_pct_gdp
FIN,2020,Finland,72.1845955995888,NE.TRD.GNFS.ZS,trade_pct_gdp
FIN,2019,Finland,80.5641502947367,NE.TRD.GNFS.ZS,trade_pct_gdp
FIN,2018,Finland,79.1436148422846,NE.TRD.GNFS.ZS,trade_pct_gdp
FRA,2024,France,68.1081875443744,NE.TRD.GNFS.ZS,trade_pct_gdp
FRA,2023,France,70.6261450610225,NE.TRD.GNFS.ZS,trade_pct_gdp
FRA,2022,France,75.9630077981996,NE.TRD.GNFS.ZS,trade_pct_gdp
FRA,2021,France,63.788482630872,NE.TRD.GNFS.ZS,trade_pct_gdp
FRA,2020,France,58.8388907240647,NE.TRD.GNFS.ZS,trade_pct_gdp
FRA,2019,France,66.4289771741449,NE.TRD.GNFS.ZS,trade_pct_gdp
FRA,2018,France,66.8022607812266,NE.TRD.GNFS.ZS,trade_pct_gdp
PYF,2024,French Polynesia,64.4688665693732,NE.TRD.GNFS.ZS,trade_pct_gdp
PYF,2023,French Polynesia,71.672203765227,NE.TRD.GNFS.ZS,trade_pct_gdp
PYF,2022,French Polynesia,69.5264023221442,NE.TRD.GNFS.ZS,trade_pct_gdp
PYF,2021,French Polynesia,52.9788183937695,NE.TRD.GNFS.ZS,trade_pct_gdp
PYF,2020,French Polynesia,45.8331834386023,NE.TRD.GNFS.ZS,trade_pct_gdp
PYF,2019,French Polynesia,63.3061124024003,NE.TRD.GNFS.ZS,trade_pct_gdp
PYF,2018,French Polynesia,65.0146628512067,NE.TRD.GNFS.ZS,trade_pct_gdp
GAB,2024,Gabon,92.0468055151256,NE.TRD.GNFS.ZS,trade_pct_gdp
GAB,2023,Gabon,91.478653318692,NE.TRD.GNFS.ZS,trade_pct_gdp
GAB,2022,Gabon,92.0630888500131,NE.TRD.GNFS.ZS,trade_pct_gdp
GAB,2021,Gabon,85.3483122054007,NE.TRD.GNFS.ZS,trade_pct_gdp
GAB,2020,Gabon,70.1140546466012,NE.TRD.GNFS.ZS,trade_pct_gdp
GAB,2019,Gabon,73.4280894486644,NE.TRD.GNFS.ZS,trade_pct_gdp
GAB,2018,Gabon,77.0365976973024,NE.TRD.GNFS.ZS,trade_pct_gdp
GMB,2024,"Gambia, The",42.1706172274882,NE.TRD.GNFS.ZS,trade_pct_gdp
GMB,2023,"Gambia, The",39.9620173231694,NE.TRD.GNFS.ZS,trade_pct_gdp
GMB,2022,"Gambia, The",44.7219215369466,NE.TRD.GNFS.ZS,trade_pct_gdp
GMB,2021,"Gambia, The",42.0979827971754,NE.TRD.GNFS.ZS,trade_pct_gdp
GMB,2020,"Gambia, The",47.3955201736291,NE.TRD.GNFS.ZS,trade_pct_gdp
GMB,2019,"Gambia, The",55.9979116186993,NE.TRD.GNFS.ZS,trade_pct_gdp
GMB,2018,"Gambia, The",64.8124640003735,NE.TRD.GNFS.ZS,trade_pct_gdp
GEO,2024,Georgia,103.456471449056,NE.TRD.GNFS.ZS,trade_pct_gdp
GEO,2023,Georgia,107.151179161579,NE.TRD.GNFS.ZS,trade_pct_gdp
GEO,2022,Georgia,114.695437688718,NE.TRD.GNFS.ZS,trade_pct_gdp
GEO,2021,Georgia,101.60090754891,NE.TRD.GNFS.ZS,trade_pct_gdp
GEO,2020,Georgia,92.8910841752194,NE.TRD.GNFS.ZS,trade_pct_gdp
GEO,2019,Georgia,117.810080239714,NE.TRD.GNFS.ZS,trade_pct_gdp
GEO,2018,Georgia,109.847740556266,NE.TRD.GNFS.ZS,trade_pct_gdp
DEU,2024,Germany,79.0907305894936,NE.TRD.GNFS.ZS,trade_pct_gdp
DEU,2023,Germany,81.9625483787634,NE.TRD.GNFS.ZS,trade_pct_gdp
DEU,2022,Germany,88.7857542130501,NE.TRD.GNFS.ZS,trade_pct_gdp
DEU,2021,Germany,79.9195348609851,NE.TRD.GNFS.ZS,trade_pct_gdp
DEU,2020,Germany,72.9335327120137,NE.TRD.GNFS.ZS,trade_pct_gdp
DEU,2019,Germany,79.0732427175683,NE.TRD.GNFS.ZS,trade_pct_gdp
DEU,2018,Germany,79.1252260463654,NE.TRD.GNFS.ZS,trade_pct_gdp
GHA,2024,Ghana,69.7884227390592,NE.TRD.GNFS.ZS,trade_pct_gdp
GHA,2023,Ghana,64.3878615281647,NE.TRD.GNFS.ZS,trade_pct_gdp
GHA,2022,Ghana,70.1154557958907,NE.TRD.GNFS.ZS,trade_pct_gdp
GHA,2021,Ghana,62.7078309128346,NE.TRD.GNFS.ZS,trade_pct_gdp
GHA,2020,Ghana,66.5754987162431,NE.TRD.GNFS.ZS,trade_pct_gdp
GHA,2019,Ghana,76.824802732152,NE.TRD.GNFS.ZS,trade_pct_gdp
GHA,2018,Ghana,67.9585174644902,NE.TRD.GNFS.ZS,trade_pct_gdp
GRC,2024,Greece,89.7765279446168,NE.TRD.GNFS.ZS,trade_pct_gdp
GRC,2023,Greece,92.4710882947018,NE.TRD.GNFS.ZS,trade_pct_gdp
GRC,2022,Greece,108.121843229922,NE.TRD.GNFS.ZS,trade_pct_gdp
GRC,2021,Greece,88.0126654490379,NE.TRD.GNFS.ZS,trade_pct_gdp
GRC,2020,Greece,70.2937464580745,NE.TRD.GNFS.ZS,trade_pct_gdp
GRC,2019,Greece,80.5900949510457,NE.TRD.GNFS.ZS,trade_pct_gdp
GRC,2018,Greece,79.2379908638706,NE.TRD.GNFS.ZS,trade_pct_gdp
GRL,2023,Greenland,91.8900994375821,NE.TRD.GNFS.ZS,trade_pct_gdp
GRL,2022,Greenland,93.3651328766632,NE.TRD.GNFS.ZS,trade_pct_gdp
GRL,2021,Greenland,83.6838572277142,NE.TRD.GNFS.ZS,trade_pct_gdp
GRL,2020,Greenland,82.6595028892583,NE.TRD.GNFS.ZS,trade_pct_gdp
GRL,2019,Greenland,92.1907515607492,NE.TRD.GNFS.ZS,trade_pct_gdp
GRL,2018,Greenland,89.7766906266033,NE.TRD.GNFS.ZS,trade_pct_gdp
GUM,2022,Guam,71.8668596237337,NE.TRD.GNFS.ZS,trade_pct_gdp
GUM,2021,Guam,61.8383060635226,NE.TRD.GNFS.ZS,trade_pct_gdp
GUM,2020,Guam,63.6747802569304,NE.TRD.GNFS.ZS,trade_pct_gdp
GUM,2019,Guam,78.0645161290323,NE.TRD.GNFS.ZS,trade_pct_gdp
GUM,2018,Guam,72.9631465873409,NE.TRD.GNFS.ZS,trade_pct_gdp
GTM,2024,Guatemala,47.344196760267,NE.TRD.GNFS.ZS,trade_pct_gdp
GTM,2023,Guatemala,48.2970707467356,NE.TRD.GNFS.ZS,trade_pct_gdp
GTM,2022,Guatemala,54.4310384820058,NE.TRD.GNFS.ZS,trade_pct_gdp
GTM,2021,Guatemala,49.2611494576228,NE.TRD.GNFS.ZS,trade_pct_gdp
GTM,2020,Guatemala,41.1407594507716,NE.TRD.GNFS.ZS,trade_pct_gdp
GTM,2019,Guatemala,45.5167341512863,NE.TRD.GNFS.ZS,trade_pct_gdp
GTM,2018,Guatemala,47.0116852699223,NE.TRD.GNFS.ZS,trade_pct_gdp
GIN,2024,Guinea,97.7778177312748,NE.TRD.GNFS.ZS,trade_pct_gdp
GIN,2023,Guinea,95.829526758227,NE.TRD.GNFS.ZS,trade_pct_gdp
GIN,2022,Guinea,94.1652726931221,NE.TRD.GNFS.ZS,trade_pct_gdp
GIN,2021,Guinea,115.195532789356,NE.TRD.GNFS.ZS,trade_pct_gdp
GIN,2020,Guinea,115.765259518929,NE.TRD.GNFS.ZS,trade_pct_gdp
GIN,2019,Guinea,78.4153132285974,NE.TRD.GNFS.ZS,trade_pct_gdp
GIN,2018,Guinea,88.984111543709,NE.TRD.GNFS.ZS,trade_pct_gdp
GNB,2024,Guinea-Bissau,38.8065847890015,NE.TRD.GNFS.ZS,trade_pct_gdp
GNB,2023,Guinea-Bissau,40.4745452891609,NE.TRD.GNFS.ZS,trade_pct_gdp
GNB,2022,Guinea-Bissau,45.7584952252858,NE.TRD.GNFS.ZS,trade_pct_gdp
GNB,2021,Guinea-Bissau,44.8094556831993,NE.TRD.GNFS.ZS,trade_pct_gdp
GNB,2020,Guinea-Bissau,42.8853856881523,NE.TRD.GNFS.ZS,trade_pct_gdp
GNB,2019,Guinea-Bissau,49.9435101361017,NE.TRD.GNFS.ZS,trade_pct_gdp
GNB,2018,Guinea-Bissau,55.0195890357005,NE.TRD.GNFS.ZS,trade_pct_gdp
HTI,2024,Haiti,22.2478853726107,NE.TRD.GNFS.ZS,trade_pct_gdp
HTI,2023,Haiti,30.7854236995359,NE.TRD.GNFS.ZS,trade_pct_gdp
HTI,2022,Haiti,36.529550283828,NE.TRD.GNFS.ZS,trade_pct_gdp
HTI,2021,Haiti,37.0465594645645,NE.TRD.GNFS.ZS,trade_pct_gdp
HTI,2020,Haiti,37.4138801252638,NE.TRD.GNFS.ZS,trade_pct_gdp
HTI,2019,Haiti,44.5687187758294,NE.TRD.GNFS.ZS,trade_pct_gdp
HTI,2018,Haiti,45.1385763027223,NE.TRD.GNFS.ZS,trade_pct_gdp
HND,2024,Honduras,91.1101585856976,NE.TRD.GNFS.ZS,trade_pct_gdp
HND,2023,Honduras,98.7919798336365,NE.TRD.GNFS.ZS,trade_pct_gdp
HND,2022,Honduras,112.698524913966,NE.TRD.GNFS.ZS,trade_pct_gdp
HND,2021,Honduras,103.372643459918,NE.TRD.GNFS.ZS,trade_pct_gdp
HND,2020,Honduras,88.0008563836292,NE.TRD.GNFS.ZS,trade_pct_gdp
HND,2019,Honduras,99.4599779937589,NE.TRD.GNFS.ZS,trade_pct_gdp
HND,2018,Honduras,103.551162215452,NE.TRD.GNFS.ZS,trade_pct_gdp
HKG,2024,"Hong Kong SAR, China",359.506710667464,NE.TRD.GNFS.ZS,trade_pct_gdp
HKG,2023,"Hong Kong SAR, China",353.007500147482,NE.TRD.GNFS.ZS,trade_pct_gdp
HKG,2022,"Hong Kong SAR, China",384.881143223724,NE.TRD.GNFS.ZS,trade_pct_gdp
HKG,2021,"Hong Kong SAR, China",402.459681454463,NE.TRD.GNFS.ZS,trade_pct_gdp
HKG,2020,"Hong Kong SAR, China",350.679705044448,NE.TRD.GNFS.ZS,trade_pct_gdp
HKG,2019,"Hong Kong SAR, China",353.743521139731,NE.TRD.GNFS.ZS,trade_pct_gdp
HKG,2018,"Hong Kong SAR, China",376.892773545026,NE.TRD.GNFS.ZS,trade_pct_gdp
HUN,2024,Hungary,146.504561505902,NE.TRD.GNFS.ZS,trade_pct_gdp
HUN,2023,Hungary,158.385747467469,NE.TRD.GNFS.ZS,trade_pct_gdp
HUN,2022,Hungary,185.000204092698,NE.TRD.GNFS.ZS,trade_pct_gdp
HUN,2021,Hungary,159.187527332834,NE.TRD.GNFS.ZS,trade_pct_gdp
HUN,2020,Hungary,154.527002936377,NE.TRD.GNFS.ZS,trade_pct_gdp
HUN,2019,Hungary,159.925556464831,NE.TRD.GNFS.ZS,trade_pct_gdp
HUN,2018,Hungary,162.700858777925,NE.TRD.GNFS.ZS,trade_pct_gdp
ISL,2024,Iceland,85.9671932681303,NE.TRD.GNFS.ZS,trade_pct_gdp
ISL,2023,Iceland,87.4049419122047,NE.TRD.GNFS.ZS,trade_pct_gdp
ISL,2022,Iceland,93.0487199615013,NE.TRD.GNFS.ZS,trade_pct_gdp
ISL,2021,Iceland,76.2317249850944,NE.TRD.GNFS.ZS,trade_pct_gdp
ISL,2020,Iceland,68.6550233460548,NE.TRD.GNFS.ZS,trade_pct_gdp
ISL,2019,Iceland,83.7923659518443,NE.TRD.GNFS.ZS,trade_pct_gdp
ISL,2018,Iceland,88.934996973139,NE.TRD.GNFS.ZS,trade_pct_gdp
IND,2024,India,44.6492935069676,NE.TRD.GNFS.ZS,trade_pct_gdp
IND,2023,India,44.9928422877561,NE.TRD.GNFS.ZS,trade_pct_gdp
IND,2022,India,50.0752701498882,NE.TRD.GNFS.ZS,trade_pct_gdp
IND,2021,India,45.4230887840446,NE.TRD.GNFS.ZS,trade_pct_gdp
IND,2020,India,37.7581053292768,NE.TRD.GNFS.ZS,trade_pct_gdp
IND,2019,India,39.9054035306442,NE.TRD.GNFS.ZS,trade_pct_gdp
IND,2018,India,43.6169693323889,NE.TRD.GNFS.ZS,trade_pct_gdp
IDN,2024,Indonesia,42.572647301834,NE.TRD.GNFS.ZS,trade_pct_gdp
IDN,2023,Indonesia,41.3362868707652,NE.TRD.GNFS.ZS,trade_pct_gdp
IDN,2022,Indonesia,45.4646701959453,NE.TRD.GNFS.ZS,trade_pct_gdp
IDN,2021,Indonesia,40.2047582749671,NE.TRD.GNFS.ZS,trade_pct_gdp
IDN,2020,Indonesia,32.9721754002427,NE.TRD.GNFS.ZS,trade_pct_gdp
IDN,2019,Indonesia,37.6277775357108,NE.TRD.GNFS.ZS,trade_pct_gdp
IDN,2018,Indonesia,43.0743089552002,NE.TRD.GNFS.ZS,trade_pct_gdp
IRN,2024,"Iran, Islamic Rep.",52.0621306794348,NE.TRD.GNFS.ZS,trade_pct_gdp
IRN,2023,"Iran, Islamic Rep.",49.3935500960203,NE.TRD.GNFS.ZS,trade_pct_gdp
IRN,2022,"Iran, Islamic Rep.",48.9183508223052,NE.TRD.GNFS.ZS,trade_pct_gdp
IRN,2021,"Iran, Islamic Rep.",42.672379536261,NE.TRD.GNFS.ZS,trade_pct_gdp
IRN,2020,"Iran, Islamic Rep.",43.8844674905013,NE.TRD.GNFS.ZS,trade_pct_gdp
IRN,2019,"Iran, Islamic Rep.",48.5917712137038,NE.TRD.GNFS.ZS,trade_pct_gdp
IRN,2018,"Iran, Islamic Rep.",56.6153496142829,NE.TRD.GNFS.ZS,trade_pct_gdp
IRQ,2024,Iraq,70.7087434748943,NE.TRD.GNFS.ZS,trade_pct_gdp
IRQ,2023,Iraq,69.4613207990167,NE.TRD.GNFS.ZS,trade_pct_gdp
IRQ,2022,Iraq,68.75879409409,NE.TRD.GNFS.ZS,trade_pct_gdp
IRQ,2021,Iraq,61.5032683117218,NE.TRD.GNFS.ZS,trade_pct_gdp
IRQ,2020,Iraq,57.742316395146,NE.TRD.GNFS.ZS,trade_pct_gdp
IRQ,2019,Iraq,68.9899384202806,NE.TRD.GNFS.ZS,trade_pct_gdp
IRQ,2018,Iraq,65.8017917701083,NE.TRD.GNFS.ZS,trade_pct_gdp
IRL,2024,Ireland,246.169874857401,NE.TRD.GNFS.ZS,trade_pct_gdp
IRL,2023,Ireland,239.649627585111,NE.TRD.GNFS.ZS,trade_pct_gdp
IRL,2022,Ireland,237.755419559378,NE.TRD.GNFS.ZS,trade_pct_gdp
IRL,2021,Ireland,231.032350863586,NE.TRD.GNFS.ZS,trade_pct_gdp
IRL,2020,Ireland,258.780437026252,NE.TRD.GNFS.ZS,trade_pct_gdp
IRL,2019,Ireland,257.652772910421,NE.TRD.GNFS.ZS,trade_pct_gdp
IRL,2018,Ireland,222.453716000399,NE.TRD.GNFS.ZS,trade_pct_gdp
ISR,2024,Israel,54.4520002969727,NE.TRD.GNFS.ZS,trade_pct_gdp
ISR,2023,Israel,57.9903207136983,NE.TRD.GNFS.ZS,trade_pct_gdp
ISR,2022,Israel,60.6448526742952,NE.TRD.GNFS.ZS,trade_pct_gdp
ISR,2021,Israel,54.9016842006986,NE.TRD.GNFS.ZS,trade_pct_gdp
ISR,2020,Israel,51.2366737920366,NE.TRD.GNFS.ZS,trade_pct_gdp
ISR,2019,Israel,56.325348642584,NE.TRD.GNFS.ZS,trade_pct_gdp
ISR,2018,Israel,58.7437542387448,NE.TRD.GNFS.ZS,trade_pct_gdp
ITA,2024,Italy,62.8237685119526,NE.TRD.GNFS.ZS,trade_pct_gdp
ITA,2023,Italy,65.1071778763174,NE.TRD.GNFS.ZS,trade_pct_gdp
ITA,2022,Italy,72.0165023032697,NE.TRD.GNFS.ZS,trade_pct_gdp
ITA,2021,Italy,60.3019776202798,NE.TRD.GNFS.ZS,trade_pct_gdp
ITA,2020,Italy,53.9394839042764,NE.TRD.GNFS.ZS,trade_pct_gdp
ITA,2019,Italy,58.6941902594738,NE.TRD.GNFS.ZS,trade_pct_gdp
ITA,2018,Italy,59.2749835128154,NE.TRD.GNFS.ZS,trade_pct_gdp
JPN,2024,Japan,46.4069516150859,NE.TRD.GNFS.ZS,trade_pct_gdp
JPN,2023,Japan,45.1508795641248,NE.TRD.GNFS.ZS,trade_pct_gdp
JPN,2022,Japan,46.8129868368938,NE.TRD.GNFS.ZS,trade_pct_gdp
JPN,2021,Japan,36.7384462280698,NE.TRD.GNFS.ZS,trade_pct_gdp
JPN,2020,Japan,31.335208636773,NE.TRD.GNFS.ZS,trade_pct_gdp
JPN,2019,Japan,35.2164181084145,NE.TRD.GNFS.ZS,trade_pct_gdp
JPN,2018,Japan,36.609931802107,NE.TRD.GNFS.ZS,trade_pct_gdp
JOR,2024,Jordan,99.6794477365724,NE.TRD.GNFS.ZS,trade_pct_gdp
JOR,2023,Jordan,100.347868752034,NE.TRD.GNFS.ZS,trade_pct_gdp
JOR,2022,Jordan,104.095459439189,NE.TRD.GNFS.ZS,trade_pct_gdp
JOR,2021,Jordan,80.3328699444404,NE.TRD.GNFS.ZS,trade_pct_gdp
JOR,2020,Jordan,66.0599488089059,NE.TRD.GNFS.ZS,trade_pct_gdp
JOR,2019,Jordan,85.6878334964204,NE.TRD.GNFS.ZS,trade_pct_gdp
JOR,2018,Jordan,87.6359151906857,NE.TRD.GNFS.ZS,trade_pct_gdp
KAZ,2024,Kazakhstan,57.1613431963924,NE.TRD.GNFS.ZS,trade_pct_gdp
KAZ,2023,Kazakhstan,62.3342837675021,NE.TRD.GNFS.ZS,trade_pct_gdp
KAZ,2022,Kazakhstan,68.3343147415612,NE.TRD.GNFS.ZS,trade_pct_gdp
KAZ,2021,Kazakhstan,58.6686085779207,NE.TRD.GNFS.ZS,trade_pct_gdp
KAZ,2020,Kazakhstan,57.0264423660931,NE.TRD.GNFS.ZS,trade_pct_gdp
KAZ,2019,Kazakhstan,64.8586165517565,NE.TRD.GNFS.ZS,trade_pct_gdp
KAZ,2018,Kazakhstan,63.5279565118188,NE.TRD.GNFS.ZS,trade_pct_gdp
KEN,2024,Kenya,40.1860139968756,NE.TRD.GNFS.ZS,trade_pct_gdp
KEN,2023,Kenya,41.1110904167396,NE.TRD.GNFS.ZS,trade_pct_gdp
KEN,2022,Kenya,40.2753238373561,NE.TRD.GNFS.ZS,trade_pct_gdp
KEN,2021,Kenya,35.0020477795269,NE.TRD.GNFS.ZS,trade_pct_gdp
KEN,2020,Kenya,30.3991387830411,NE.TRD.GNFS.ZS,trade_pct_gdp
KEN,2019,Kenya,31.759461841481,NE.TRD.GNFS.ZS,trade_pct_gdp
KEN,2018,Kenya,34.4147531767425,NE.TRD.GNFS.ZS,trade_pct_gdp
KIR,2023,Kiribati,107.603778509938,NE.TRD.GNFS.ZS,trade_pct_gdp
KIR,2022,Kiribati,107.685878015909,NE.TRD.GNFS.ZS,trade_pct_gdp
KIR,2021,Kiribati,74.5005430117832,NE.TRD.GNFS.ZS,trade_pct_gdp
KIR,2020,Kiribati,78.4052134293582,NE.TRD.GNFS.ZS,trade_pct_gdp
KIR,2019,Kiribati,98.3140421834046,NE.TRD.GNFS.ZS,trade_pct_gdp
KIR,2018,Kiribati,83.3664311213492,NE.TRD.GNFS.ZS,trade_pct_gdp
KOR,2024,"Korea, Rep.",84.6424951192038,NE.TRD.GNFS.ZS,trade_pct_gdp
KOR,2023,"Korea, Rep.",82.2580090716629,NE.TRD.GNFS.ZS,trade_pct_gdp
KOR,2022,"Korea, Rep.",90.5851475278549,NE.TRD.GNFS.ZS,trade_pct_gdp
KOR,2021,"Korea, Rep.",75.3063047610912,NE.TRD.GNFS.ZS,trade_pct_gdp
KOR,2020,"Korea, Rep.",65.544957860621,NE.TRD.GNFS.ZS,trade_pct_gdp
KOR,2019,"Korea, Rep.",71.4470632403511,NE.TRD.GNFS.ZS,trade_pct_gdp
KOR,2018,"Korea, Rep.",74.7075162140824,NE.TRD.GNFS.ZS,trade_pct_gdp
XKX,2024,Kosovo,113.789651964133,NE.TRD.GNFS.ZS,trade_pct_gdp
XKX,2023,Kosovo,109.951851577902,NE.TRD.GNFS.ZS,trade_pct_gdp
XKX,2022,Kosovo,110.012031619226,NE.TRD.GNFS.ZS,trade_pct_gdp
XKX,2021,Kosovo,98.6384304855253,NE.TRD.GNFS.ZS,trade_pct_gdp
XKX,2020,Kosovo,75.6080171280001,NE.TRD.GNFS.ZS,trade_pct_gdp
XKX,2019,Kosovo,85.7534085053482,NE.TRD.GNFS.ZS,trade_pct_gdp
XKX,2018,Kosovo,86.3150846710967,NE.TRD.GNFS.ZS,trade_pct_gdp
KWT,2023,Kuwait,96.0797881582,NE.TRD.GNFS.ZS,trade_pct_gdp
KWT,2022,Kuwait,90.9204116970196,NE.TRD.GNFS.ZS,trade_pct_gdp
KWT,2021,Kuwait,82.0019394603961,NE.TRD.GNFS.ZS,trade_pct_gdp
KWT,2020,Kuwait,82.0125101293052,NE.TRD.GNFS.ZS,trade_pct_gdp
KWT,2019,Kuwait,91.6857123895953,NE.TRD.GNFS.ZS,trade_pct_gdp
KWT,2018,Kuwait,102.785630655,NE.TRD.GNFS.ZS,trade_pct_gdp
KGZ,2024,Kyrgyz Republic,127.650577802859,NE.TRD.GNFS.ZS,trade_pct_gdp
KGZ,2023,Kyrgyz Republic,132.373403912336,NE.TRD.GNFS.ZS,trade_pct_gdp
KGZ,2022,Kyrgyz Republic,133.786718048766,NE.TRD.GNFS.ZS,trade_pct_gdp
KGZ,2021,Kyrgyz Republic,100.261376861569,NE.TRD.GNFS.ZS,trade_pct_gdp
KGZ,2020,Kyrgyz Republic,78.9922784304738,NE.TRD.GNFS.ZS,trade_pct_gdp
KGZ,2019,Kyrgyz Republic,94.4302823542939,NE.TRD.GNFS.ZS,trade_pct_gdp
KGZ,2018,Kyrgyz Republic,98.8755599017608,NE.TRD.GNFS.ZS,trade_pct_gdp
LVA,2024,Latvia,132.262507895925,NE.TRD.GNFS.ZS,trade_pct_gdp
LVA,2023,Latvia,135.642989154266,NE.TRD.GNFS.ZS,trade_pct_gdp
LVA,2022,Latvia,159.892778190649,NE.TRD.GNFS.ZS,trade_pct_gdp
LVA,2021,Latvia,136.796615414819,NE.TRD.GNFS.ZS,trade_pct_gdp
LVA,2020,Latvia,123.88319804656,NE.TRD.GNFS.ZS,trade_pct_gdp
LVA,2019,Latvia,125.29163170793,NE.TRD.GNFS.ZS,trade_pct_gdp
LVA,2018,Latvia,128.234095559822,NE.TRD.GNFS.ZS,trade_pct_gdp
LBN,2023,Lebanon,104.206410069182,NE.TRD.GNFS.ZS,trade_pct_gdp
LBN,2022,Lebanon,114.888278265666,NE.TRD.GNFS.ZS,trade_pct_gdp
LBN,2021,Lebanon,78.8286204025241,NE.TRD.GNFS.ZS,trade_pct_gdp
LBN,2020,Lebanon,50.1298042879627,NE.TRD.GNFS.ZS,trade_pct_gdp
LBN,2019,Lebanon,62.98091601016,NE.TRD.GNFS.ZS,trade_pct_gdp
LBN,2018,Lebanon,68.2573073043718,NE.TRD.GNFS.ZS,trade_pct_gdp
LSO,2023,Lesotho,141.51375589725,NE.TRD.GNFS.ZS,trade_pct_gdp
LSO,2022,Lesotho,142.373981074229,NE.TRD.GNFS.ZS,trade_pct_gdp
LSO,2021,Lesotho,139.186479465407,NE.TRD.GNFS.ZS,trade_pct_gdp
LSO,2020,Lesotho,141.096605062998,NE.TRD.GNFS.ZS,trade_pct_gdp
LSO,2019,Lesotho,140.51663349168,NE.TRD.GNFS.ZS,trade_pct_gdp
LSO,2018,Lesotho,144.434955465602,NE.TRD.GNFS.ZS,trade_pct_gdp
LBY,2024,Libya,128.816175842936,NE.TRD.GNFS.ZS,trade_pct_gdp
LBY,2023,Libya,159.433825342143,NE.TRD.GNFS.ZS,trade_pct_gdp
LBY,2022,Libya,156.321684682347,NE.TRD.GNFS.ZS,trade_pct_gdp
LBY,2021,Libya,164.284069967105,NE.TRD.GNFS.ZS,trade_pct_gdp
LBY,2020,Libya,50.9757934373319,NE.TRD.GNFS.ZS,trade_pct_gdp
LBY,2019,Libya,78.9939691850138,NE.TRD.GNFS.ZS,trade_pct_gdp
LBY,2018,Libya,63.7811335968183,NE.TRD.GNFS.ZS,trade_pct_gdp
LTU,2024,Lithuania,143.04839086338,NE.TRD.GNFS.ZS,trade_pct_gdp
LTU,2023,Lithuania,149.041909014608,NE.TRD.GNFS.ZS,trade_pct_gdp
LTU,2022,Lithuania,175.651612151093,NE.TRD.GNFS.ZS,trade_pct_gdp
LTU,2021,Lithuania,154.80672767597,NE.TRD.GNFS.ZS,trade_pct_gdp
LTU,2020,Lithuania,135.796565563519,NE.TRD.GNFS.ZS,trade_pct_gdp
LTU,2019,Lithuania,148.374996011818,NE.TRD.GNFS.ZS,trade_pct_gdp
LTU,2018,Lithuania,147.202132525221,NE.TRD.GNFS.ZS,trade_pct_gdp
LUX,2024,Luxembourg,351.267921153192,NE.TRD.GNFS.ZS,trade_pct_gdp
LUX,2023,Luxembourg,402.566968197345,NE.TRD.GNFS.ZS,trade_pct_gdp
LUX,2022,Luxembourg,412.177169924175,NE.TRD.GNFS.ZS,trade_pct_gdp
LUX,2021,Luxembourg,397.506180867971,NE.TRD.GNFS.ZS,trade_pct_gdp
LUX,2020,Luxembourg,375.581396376432,NE.TRD.GNFS.ZS,trade_pct_gdp
LUX,2019,Luxembourg,382.66078058442,NE.TRD.GNFS.ZS,trade_pct_gdp
LUX,2018,Luxembourg,361.865445198667,NE.TRD.GNFS.ZS,trade_pct_gdp
MAC,2024,"Macao SAR, China",142.07943455076,NE.TRD.GNFS.ZS,trade_pct_gdp
MAC,2023,"Macao SAR, China",145.874467252327,NE.TRD.GNFS.ZS,trade_pct_gdp
MAC,2022,"Macao SAR, China",170.368049338506,NE.TRD.GNFS.ZS,trade_pct_gdp
MAC,2021,"Macao SAR, China",171.31597082054,NE.TRD.GNFS.ZS,trade_pct_gdp
MAC,2020,"Macao SAR, China",123.43437444297,NE.TRD.GNFS.ZS,trade_pct_gdp
MAC,2019,"Macao SAR, China",115.23129893555,NE.TRD.GNFS.ZS,trade_pct_gdp
MAC,2018,"Macao SAR, China",116.568676845013,NE.TRD.GNFS.ZS,trade_pct_gdp
MDG,2024,Madagascar,54.9795881437152,NE.TRD.GNFS.ZS,trade_pct_gdp
MDG,2023,Madagascar,61.1330416886146,NE.TRD.GNFS.ZS,trade_pct_gdp
MDG,2022,Madagascar,70.5471344130961,NE.TRD.GNFS.ZS,trade_pct_gdp
MDG,2021,Madagascar,55.2158585927485,NE.TRD.GNFS.ZS,trade_pct_gdp
MDG,2020,Madagascar,49.0107073664371,NE.TRD.GNFS.ZS,trade_pct_gdp
MDG,2019,Madagascar,62.6013230457128,NE.TRD.GNFS.ZS,trade_pct_gdp
MDG,2018,Madagascar,67.8415046683582,NE.TRD.GNFS.ZS,trade_pct_gdp
MWI,2023,Malawi,42.4376683990967,NE.TRD.GNFS.ZS,trade_pct_gdp
MWI,2022,Malawi,43.616624856781,NE.TRD.GNFS.ZS,trade_pct_gdp
MWI,2021,Malawi,44.5957618170542,NE.TRD.GNFS.ZS,trade_pct_gdp
MWI,2020,Malawi,41.0323429397328,NE.TRD.GNFS.ZS,trade_pct_gdp
MWI,2019,Malawi,44.1954524635798,NE.TRD.GNFS.ZS,trade_pct_gdp
MWI,2018,Malawi,43.578773489,NE.TRD.GNFS.ZS,trade_pct_gdp
MYS,2024,Malaysia,137.362571161559,NE.TRD.GNFS.ZS,trade_pct_gdp
MYS,2023,Malaysia,132.593461641599,NE.TRD.GNFS.ZS,trade_pct_gdp
MYS,2022,Malaysia,146.424604753908,NE.TRD.GNFS.ZS,trade_pct_gdp
MYS,2021,Malaysia,134.035994690727,NE.TRD.GNFS.ZS,trade_pct_gdp
MYS,2020,Malaysia,116.788182437638,NE.TRD.GNFS.ZS,trade_pct_gdp
MYS,2019,Malaysia,123.028562027943,NE.TRD.GNFS.ZS,trade_pct_gdp
MYS,2018,Malaysia,130.402625502126,NE.TRD.GNFS.ZS,trade_pct_gdp
MDV,2024,Maldives,156.473955741011,NE.TRD.GNFS.ZS,trade_pct_gdp
MDV,2023,Maldives,149.349976177434,NE.TRD.GNFS.ZS,trade_pct_gdp
MDV,2022,Maldives,162.243432933656,NE.TRD.GNFS.ZS,trade_pct_gdp
MDV,2021,Maldives,142.607296696261,NE.TRD.GNFS.ZS,trade_pct_gdp
MDV,2020,Maldives,114.361902904327,NE.TRD.GNFS.ZS,trade_pct_gdp
MDV,2019,Maldives,137.125230875185,NE.TRD.GNFS.ZS,trade_pct_gdp
MDV,2018,Maldives,142.491128546618,NE.TRD.GNFS.ZS,trade_pct_gdp
MLI,2024,Mali,49.8960414309506,NE.TRD.GNFS.ZS,trade_pct_gdp
MLI,2023,Mali,57.5332621823016,NE.TRD.GNFS.ZS,trade_pct_gdp
MLI,2022,Mali,61.5613274861987,NE.TRD.GNFS.ZS,trade_pct_gdp
MLI,2021,Mali,56.7150525565465,NE.TRD.GNFS.ZS,trade_pct_gdp
MLI,2020,Mali,56.0415474422019,NE.TRD.GNFS.ZS,trade_pct_gdp
MLI,2019,Mali,53.9987132798636,NE.TRD.GNFS.ZS,trade_pct_gdp
MLI,2018,Mali,50.6998462523276,NE.TRD.GNFS.ZS,trade_pct_gdp
MLT,2024,Malta,218.170552427881,NE.TRD.GNFS.ZS,trade_pct_gdp
MLT,2023,Malta,221.061835472405,NE.TRD.GNFS.ZS,trade_pct_gdp
MLT,2022,Malta,245.160375092004,NE.TRD.GNFS.ZS,trade_pct_gdp
MLT,2021,Malta,220.165634087757,NE.TRD.GNFS.ZS,trade_pct_gdp
MLT,2020,Malta,242.361190735857,NE.TRD.GNFS.ZS,trade_pct_gdp
MLT,2019,Malta,233.070441910537,NE.TRD.GNFS.ZS,trade_pct_gdp
MLT,2018,Malta,228.098550737111,NE.TRD.GNFS.ZS,trade_pct_gdp
MHL,2024,Marshall Islands,123.809133966775,NE.TRD.GNFS.ZS,trade_pct_gdp
MHL,2023,Marshall Islands,118.493597542315,NE.TRD.GNFS.ZS,trade_pct_gdp
MHL,2022,Marshall Islands,128.337975527291,NE.TRD.GNFS.ZS,trade_pct_gdp
MHL,2021,Marshall Islands,120.056180461081,NE.TRD.GNFS.ZS,trade_pct_gdp
MHL,2020,Marshall Islands,107.825971877585,NE.TRD.GNFS.ZS,trade_pct_gdp
MHL,2019,Marshall Islands,153.007728638901,NE.TRD.GNFS.ZS,trade_pct_gdp
MHL,2018,Marshall Islands,128.482272727273,NE.TRD.GNFS.ZS,trade_pct_gdp
MRT,2024,Mauritania,93.5988355881472,NE.TRD.GNFS.ZS,trade_pct_gdp
MRT,2023,Mauritania,92.1654445146742,NE.TRD.GNFS.ZS,trade_pct_gdp
MRT,2022,Mauritania,102.025899125696,NE.TRD.GNFS.ZS,trade_pct_gdp
MRT,2021,Mauritania,88.3068737571235,NE.TRD.GNFS.ZS,trade_pct_gdp
MRT,2020,Mauritania,86.7761681322741,NE.TRD.GNFS.ZS,trade_pct_gdp
MRT,2019,Mauritania,93.4866941351317,NE.TRD.GNFS.ZS,trade_pct_gdp
MRT,2018,Mauritania,89.1467294935148,NE.TRD.GNFS.ZS,trade_pct_gdp
MUS,2024,Mauritius,145.421700301153,NE.TRD.GNFS.ZS,trade_pct_gdp
MUS,2023,Mauritius,147.321392128852,NE.TRD.GNFS.ZS,trade_pct_gdp
MUS,2022,Mauritius,147.663795034012,NE.TRD.GNFS.ZS,trade_pct_gdp
MUS,2021,Mauritius,135.19300461461,NE.TRD.GNFS.ZS,trade_pct_gdp
MUS,2020,Mauritius,121.12522550435,NE.TRD.GNFS.ZS,trade_pct_gdp
MUS,2019,Mauritius,127.940899064133,NE.TRD.GNFS.ZS,trade_pct_gdp
MUS,2018,Mauritius,123.538984386544,NE.TRD.GNFS.ZS,trade_pct_gdp
MEX,2024,Mexico,74.5889079825143,NE.TRD.GNFS.ZS,trade_pct_gdp
MEX,2023,Mexico,73.5788616365245,NE.TRD.GNFS.ZS,trade_pct_gdp
MEX,2022,Mexico,88.7984855867186,NE.TRD.GNFS.ZS,trade_pct_gdp
MEX,2021,Mexico,83.0692976357895,NE.TRD.GNFS.ZS,trade_pct_gdp
MEX,2020,Mexico,76.8545557056016,NE.TRD.GNFS.ZS,trade_pct_gdp
MEX,2019,Mexico,77.4619722571128,NE.TRD.GNFS.ZS,trade_pct_gdp
MEX,2018,Mexico,80.2126616568975,NE.TRD.GNFS.ZS,trade_pct_gdp
FSM,2024,"Micronesia, Fed. Sts.",98.4249672966653,NE.TRD.GNFS.ZS,trade_pct_gdp
FSM,2023,"Micronesia, Fed. Sts.",97.8550268716246,NE.TRD.GNFS.ZS,trade_pct_gdp
FSM,2022,"Micronesia, Fed. Sts.",90.6343902457202,NE.TRD.GNFS.ZS,trade_pct_gdp
FSM,2021,"Micronesia, Fed. Sts.",87.3335905673594,NE.TRD.GNFS.ZS,trade_pct_gdp
FSM,2020,"Micronesia, Fed. Sts.",85.0087703843389,NE.TRD.GNFS.ZS,trade_pct_gdp
FSM,2019,"Micronesia, Fed. Sts.",95.6852791878173,NE.TRD.GNFS.ZS,trade_pct_gdp
FSM,2018,"Micronesia, Fed. Sts.",103.571428571429,NE.TRD.GNFS.ZS,trade_pct_gdp
MDA,2024,Moldova,88.6661154286831,NE.TRD.GNFS.ZS,trade_pct_gdp
MDA,2023,Moldova,93.9946211488052,NE.TRD.GNFS.ZS,trade_pct_gdp
MDA,2022,Moldova,112.117671579766,NE.TRD.GNFS.ZS,trade_pct_gdp
MDA,2021,Moldova,88.4708865399267,NE.TRD.GNFS.ZS,trade_pct_gdp
MDA,2020,Moldova,79.265722119158,NE.TRD.GNFS.ZS,trade_pct_gdp
MDA,2019,Moldova,87.6322371148906,NE.TRD.GNFS.ZS,trade_pct_gdp
MDA,2018,Moldova,87.4467874275648,NE.TRD.GNFS.ZS,trade_pct_gdp
MNG,2024,Mongolia,138.448379141249,NE.TRD.GNFS.ZS,trade_pct_gdp
MNG,2023,Mongolia,142.864246599181,NE.TRD.GNFS.ZS,trade_pct_gdp
MNG,2022,Mongolia,136.327929944516,NE.TRD.GNFS.ZS,trade_pct_gdp
MNG,2021,Mongolia,119.098078437771,NE.TRD.GNFS.ZS,trade_pct_gdp
MNG,2020,Mongolia,112.838647629317,NE.TRD.GNFS.ZS,trade_pct_gdp
MNG,2019,Mongolia,124.396514621165,NE.TRD.GNFS.ZS,trade_pct_gdp
MNG,2018,Mongolia,126.355873241513,NE.TRD.GNFS.ZS,trade_pct_gdp
MNE,2024,Montenegro,109.944104480975,NE.TRD.GNFS.ZS,trade_pct_gdp
MNE,2023,Montenegro,116.806669538329,NE.TRD.GNFS.ZS,trade_pct_gdp
MNE,2022,Montenegro,125.455937754994,NE.TRD.GNFS.ZS,trade_pct_gdp
MNE,2021,Montenegro,105.719249175045,NE.TRD.GNFS.ZS,trade_pct_gdp
MNE,2020,Montenegro,87.8612027134909,NE.TRD.GNFS.ZS,trade_pct_gdp
MNE,2019,Montenegro,110.0161238696,NE.TRD.GNFS.ZS,trade_pct_gdp
MNE,2018,Montenegro,111.098935509174,NE.TRD.GNFS.ZS,trade_pct_gdp
MAR,2024,Morocco,92.1872446062404,NE.TRD.GNFS.ZS,trade_pct_gdp
MAR,2023,Morocco,93.1178844179777,NE.TRD.GNFS.ZS,trade_pct_gdp
MAR,2022,Morocco,100.906310201651,NE.TRD.GNFS.ZS,trade_pct_gdp
MAR,2021,Morocco,75.5234171756506,NE.TRD.GNFS.ZS,trade_pct_gdp
MAR,2020,Morocco,68.8438033904364,NE.TRD.GNFS.ZS,trade_pct_gdp
MAR,2019,Morocco,75.9981158798422,NE.TRD.GNFS.ZS,trade_pct_gdp
MAR,2018,Morocco,77.2548875243989,NE.TRD.GNFS.ZS,trade_pct_gdp
MOZ,2024,Mozambique,95.659420351194,NE.TRD.GNFS.ZS,trade_pct_gdp
MOZ,2023,Mozambique,106.058613430022,NE.TRD.GNFS.ZS,trade_pct_gdp
MOZ,2022,Mozambique,135.279578416991,NE.TRD.GNFS.ZS,trade_pct_gdp
MOZ,2021,Mozambique,112.078964458333,NE.TRD.GNFS.ZS,trade_pct_gdp
MOZ,2020,Mozambique,99.906146051979,NE.TRD.GNFS.ZS,trade_pct_gdp
MOZ,2019,Mozambique,105.591171401921,NE.TRD.GNFS.ZS,trade_pct_gdp
MOZ,2018,Mozambique,124.607457525372,NE.TRD.GNFS.ZS,trade_pct_gdp
NAM,2024,Namibia,109.628509818932,NE.TRD.GNFS.ZS,trade_pct_gdp
NAM,2023,Namibia,110.770713965983,NE.TRD.GNFS.ZS,trade_pct_gdp
NAM,2022,Namibia,99.2625547814064,NE.TRD.GNFS.ZS,trade_pct_gdp
NAM,2021,Namibia,83.5443030923624,NE.TRD.GNFS.ZS,trade_pct_gdp
NAM,2020,Namibia,76.9252424036465,NE.TRD.GNFS.ZS,trade_pct_gdp
NAM,2019,Namibia,82.9011507426355,NE.TRD.GNFS.ZS,trade_pct_gdp
NAM,2018,Namibia,81.7138652963804,NE.TRD.GNFS.ZS,trade_pct_gdp
NRU,2024,Nauru,165.846774193548,NE.TRD.GNFS.ZS,trade_pct_gdp
NRU,2023,Nauru,143.955555555556,NE.TRD.GNFS.ZS,trade_pct_gdp
NRU,2022,Nauru,167.338761904762,NE.TRD.GNFS.ZS,trade_pct_gdp
NRU,2021,Nauru,110.796255319149,NE.TRD.GNFS.ZS,trade_pct_gdp
NRU,2020,Nauru,134.980107526882,NE.TRD.GNFS.ZS,trade_pct_gdp
NRU,2019,Nauru,155.906685714286,NE.TRD.GNFS.ZS,trade_pct_gdp
NRU,2018,Nauru,140.640059171598,NE.TRD.GNFS.ZS,trade_pct_gdp
NPL,2024,Nepal,40.5298226771909,NE.TRD.GNFS.ZS,trade_pct_gdp
NPL,2023,Nepal,41.5701502933145,NE.TRD.GNFS.ZS,trade_pct_gdp
NPL,2022,Nepal,48.9734014799428,NE.TRD.GNFS.ZS,trade_pct_gdp
NPL,2021,Nepal,43.0538047919129,NE.TRD.GNFS.ZS,trade_pct_gdp
NPL,2020,Nepal,40.9188741243442,NE.TRD.GNFS.ZS,trade_pct_gdp
NPL,2019,Nepal,49.2495265874454,NE.TRD.GNFS.ZS,trade_pct_gdp
NPL,2018,Nepal,48.4473869461067,NE.TRD.GNFS.ZS,trade_pct_gdp
NLD,2024,Netherlands,153.83065216636,NE.TRD.GNFS.ZS,trade_pct_gdp
NLD,2023,Netherlands,165.030429478933,NE.TRD.GNFS.ZS,trade_pct_gdp
NLD,2022,Netherlands,184.107484252682,NE.TRD.GNFS.ZS,trade_pct_gdp
NLD,2021,Netherlands,163.154842689698,NE.TRD.GNFS.ZS,trade_pct_gdp
NLD,2020,Netherlands,152.233230409706,NE.TRD.GNFS.ZS,trade_pct_gdp
NLD,2019,Netherlands,160.676671884999,NE.TRD.GNFS.ZS,trade_pct_gdp
NLD,2018,Netherlands,163.559146573044,NE.TRD.GNFS.ZS,trade_pct_gdp
NCL,2024,New Caledonia,40.368957724281,NE.TRD.GNFS.ZS,trade_pct_gdp
NCL,2023,New Caledonia,51.6307347204266,NE.TRD.GNFS.ZS,trade_pct_gdp
NCL,2022,New Caledonia,50.4727487439639,NE.TRD.GNFS.ZS,trade_pct_gdp
NCL,2021,New Caledonia,49.0442343110991,NE.TRD.GNFS.ZS,trade_pct_gdp
NCL,2020,New Caledonia,54.5818048353384,NE.TRD.GNFS.ZS,trade_pct_gdp
NCL,2019,New Caledonia,58.210367099604,NE.TRD.GNFS.ZS,trade_pct_gdp
NCL,2018,New Caledonia,59.0970833,NE.TRD.GNFS.ZS,trade_pct_gdp
NZL,2024,New Zealand,51.224397222513,NE.TRD.GNFS.ZS,trade_pct_gdp
NZL,2023,New Zealand,50.4064316790513,NE.TRD.GNFS.ZS,trade_pct_gdp
NZL,2022,New Zealand,53.4761627655817,NE.TRD.GNFS.ZS,trade_pct_gdp
NZL,2021,New Zealand,48.5412477650846,NE.TRD.GNFS.ZS,trade_pct_gdp
NZL,2020,New Zealand,43.9772422862431,NE.TRD.GNFS.ZS,trade_pct_gdp
NZL,2019,New Zealand,54.4542971758367,NE.TRD.GNFS.ZS,trade_pct_gdp
NZL,2018,New Zealand,55.7664814899437,NE.TRD.GNFS.ZS,trade_pct_gdp
NIC,2024,Nicaragua,98.5258377100159,NE.TRD.GNFS.ZS,trade_pct_gdp
NIC,2023,Nicaragua,105.003097611103,NE.TRD.GNFS.ZS,trade_pct_gdp
NIC,2022,Nicaragua,115.454678712865,NE.TRD.GNFS.ZS,trade_pct_gdp
NIC,2021,Nicaragua,106.20739081994,NE.TRD.GNFS.ZS,trade_pct_gdp
NIC,2020,Nicaragua,88.6381231228968,NE.TRD.GNFS.ZS,trade_pct_gdp
NIC,2019,Nicaragua,94.0422159246213,NE.TRD.GNFS.ZS,trade_pct_gdp
NIC,2018,Nicaragua,93.9847404925404,NE.TRD.GNFS.ZS,trade_pct_gdp
NER,2024,Niger,49.9759837351389,NE.TRD.GNFS.ZS,trade_pct_gdp
NER,2023,Niger,46.4755580630668,NE.TRD.GNFS.ZS,trade_pct_gdp
NER,2022,Niger,52.8061484327332,NE.TRD.GNFS.ZS,trade_pct_gdp
NER,2021,Niger,37.0158935503713,NE.TRD.GNFS.ZS,trade_pct_gdp
NER,2020,Niger,35.5129906570841,NE.TRD.GNFS.ZS,trade_pct_gdp
NER,2019,Niger,37.1025664250801,NE.TRD.GNFS.ZS,trade_pct_gdp
NER,2018,Niger,37.5388483992356,NE.TRD.GNFS.ZS,trade_pct_gdp
MKD,2024,North Macedonia,136.324876175556,NE.TRD.GNFS.ZS,trade_pct_gdp
MKD,2023,North Macedonia,147.79425348309,NE.TRD.GNFS.ZS,trade_pct_gdp
MKD,2022,North Macedonia,166.147357379878,NE.TRD.GNFS.ZS,trade_pct_gdp
MKD,2021,North Macedonia,146.721411484074,NE.TRD.GNFS.ZS,trade_pct_gdp
MKD,2020,North Macedonia,128.241244322257,NE.TRD.GNFS.ZS,trade_pct_gdp
MKD,2019,North Macedonia,138.576231840539,NE.TRD.GNFS.ZS,trade_pct_gdp
MKD,2018,North Macedonia,133.215207648008,NE.TRD.GNFS.ZS,trade_pct_gdp
MNP,2022,Northern Mariana Islands,93.1569343065693,NE.TRD.GNFS.ZS,trade_pct_gdp
MNP,2021,Northern Mariana Islands,78.8840262582057,NE.TRD.GNFS.ZS,trade_pct_gdp
MNP,2020,Northern Mariana Islands,78.9838337182448,NE.TRD.GNFS.ZS,trade_pct_gdp
MNP,2019,Northern Mariana Islands,104.749787955895,NE.TRD.GNFS.ZS,trade_pct_gdp
MNP,2018,Northern Mariana Islands,108.762490392006,NE.TRD.GNFS.ZS,trade_pct_gdp
NOR,2024,Norway,81.3635091827243,NE.TRD.GNFS.ZS,trade_pct_gdp
NOR,2023,Norway,80.3638456401269,NE.TRD.GNFS.ZS,trade_pct_gdp
NOR,2022,Norway,82.6094798361389,NE.TRD.GNFS.ZS,trade_pct_gdp
NOR,2021,Norway,71.2227137759599,NE.TRD.GNFS.ZS,trade_pct_gdp
NOR,2020,Norway,65.3539790413323,NE.TRD.GNFS.ZS,trade_pct_gdp
NOR,2019,Norway,70.8958205272987,NE.TRD.GNFS.ZS,trade_pct_gdp
NOR,2018,Norway,70.0031957894984,NE.TRD.GNFS.ZS,trade_pct_gdp
OMN,2024,Oman,114.852671522017,NE.TRD.GNFS.ZS,trade_pct_gdp
OMN,2023,Oman,106.446730998207,NE.TRD.GNFS.ZS,trade_pct_gdp
OMN,2022,Oman,105.745009280655,NE.TRD.GNFS.ZS,trade_pct_gdp
OMN,2021,Oman,95.9494877293305,NE.TRD.GNFS.ZS,trade_pct_gdp
OMN,2020,Oman,91.8758908014472,NE.TRD.GNFS.ZS,trade_pct_gdp
OMN,2019,Oman,86.4782010313236,NE.TRD.GNFS.ZS,trade_pct_gdp
OMN,2018,Oman,89.2792178262847,NE.TRD.GNFS.ZS,trade_pct_gdp
PAK,2024,Pakistan,27.5784683520695,NE.TRD.GNFS.ZS,trade_pct_gdp
PAK,2023,Pakistan,28.4676925469837,NE.TRD.GNFS.ZS,trade_pct_gdp
PAK,2022,Pakistan,33.031353478032,NE.TRD.GNFS.ZS,trade_pct_gdp
PAK,2021,Pakistan,27.0304204125548,NE.TRD.GNFS.ZS,trade_pct_gdp
PAK,2020,Pakistan,26.7162807328814,NE.TRD.GNFS.ZS,trade_pct_gdp
PAK,2019,Pakistan,28.9055769867032,NE.TRD.GNFS.ZS,trade_pct_gdp
PAK,2018,Pakistan,27.6260570796337,NE.TRD.GNFS.ZS,trade_pct_gdp
PLW,2023,Palau,106.697590281594,NE.TRD.GNFS.ZS,trade_pct_gdp
PLW,2022,Palau,105.200935152021,NE.TRD.GNFS.ZS,trade_pct_gdp
PLW,2021,Palau,81.1478453400346,NE.TRD.GNFS.ZS,trade_pct_gdp
PLW,2020,Palau,103.352188901493,NE.TRD.GNFS.ZS,trade_pct_gdp
PLW,2019,Palau,115.461972278731,NE.TRD.GNFS.ZS,trade_pct_gdp
PLW,2018,Palau,117.866019647923,NE.TRD.GNFS.ZS,trade_pct_gdp
PAN,2024,Panama,83.6737787798304,NE.TRD.GNFS.ZS,trade_pct_gdp
PAN,2023,Panama,88.3489105288611,NE.TRD.GNFS.ZS,trade_pct_gdp
PAN,2022,Panama,93.4752688168442,NE.TRD.GNFS.ZS,trade_pct_gdp
PAN,2021,Panama,80.1334636057057,NE.TRD.GNFS.ZS,trade_pct_gdp
PAN,2020,Panama,68.7004234799646,NE.TRD.GNFS.ZS,trade_pct_gdp
PAN,2019,Panama,80.4286505707227,NE.TRD.GNFS.ZS,trade_pct_gdp
PAN,2018,Panama,86.1309615270001,NE.TRD.GNFS.ZS,trade_pct_gdp
PRY,2024,Paraguay,76.8311565430624,NE.TRD.GNFS.ZS,trade_pct_gdp
PRY,2023,Paraguay,82.4052107741573,NE.TRD.GNFS.ZS,trade_pct_gdp
PRY,2022,Paraguay,73.7379050218566,NE.TRD.GNFS.ZS,trade_pct_gdp
PRY,2021,Paraguay,69.74227302112,NE.TRD.GNFS.ZS,trade_pct_gdp
PRY,2020,Paraguay,62.7602174748575,NE.TRD.GNFS.ZS,trade_pct_gdp
PRY,2019,Paraguay,71.2221617342433,NE.TRD.GNFS.ZS,trade_pct_gdp
PRY,2018,Paraguay,72.0692236259495,NE.TRD.GNFS.ZS,trade_pct_gdp
PER,2024,Peru,51.4758878672647,NE.TRD.GNFS.ZS,trade_pct_gdp
PER,2023,Peru,50.7851842068664,NE.TRD.GNFS.ZS,trade_pct_gdp
PER,2022,Peru,57.2969759649721,NE.TRD.GNFS.ZS,trade_pct_gdp
PER,2021,Peru,55.427249365522,NE.TRD.GNFS.ZS,trade_pct_gdp
PER,2020,Peru,44.245967197744,NE.TRD.GNFS.ZS,trade_pct_gdp
PER,2019,Peru,46.9435053754409,NE.TRD.GNFS.ZS,trade_pct_gdp
PER,2018,Peru,48.631470171736,NE.TRD.GNFS.ZS,trade_pct_gdp
PHL,2024,Philippines,65.8854725286968,NE.TRD.GNFS.ZS,trade_pct_gdp
PHL,2023,Philippines,67.4199693173966,NE.TRD.GNFS.ZS,trade_pct_gdp
PHL,2022,Philippines,72.4296836107599,NE.TRD.GNFS.ZS,trade_pct_gdp
PHL,2021,Philippines,63.4846098136712,NE.TRD.GNFS.ZS,trade_pct_gdp
PHL,2020,Philippines,58.1695603022281,NE.TRD.GNFS.ZS,trade_pct_gdp
PHL,2019,Philippines,68.8418422595678,NE.TRD.GNFS.ZS,trade_pct_gdp
PHL,2018,Philippines,72.1633982990273,NE.TRD.GNFS.ZS,trade_pct_gdp
POL,2024,Poland,100.359442847164,NE.TRD.GNFS.ZS,trade_pct_gdp
POL,2023,Poland,110.024935041815,NE.TRD.GNFS.ZS,trade_pct_gdp
POL,2022,Poland,123.021332860345,NE.TRD.GNFS.ZS,trade_pct_gdp
POL,2021,Poland,110.874283021945,NE.TRD.GNFS.ZS,trade_pct_gdp
POL,2020,Poland,99.2590912303436,NE.TRD.GNFS.ZS,trade_pct_gdp
POL,2019,Poland,101.581033817373,NE.TRD.GNFS.ZS,trade_pct_gdp
POL,2018,Poland,102.442462168005,NE.TRD.GNFS.ZS,trade_pct_gdp
PRT,2024,Portugal,89.696408854026,NE.TRD.GNFS.ZS,trade_pct_gdp
PRT,2023,Portugal,93.1358537072038,NE.TRD.GNFS.ZS,trade_pct_gdp
PRT,2022,Portugal,101.364146479435,NE.TRD.GNFS.ZS,trade_pct_gdp
PRT,2021,Portugal,85.8735452148975,NE.TRD.GNFS.ZS,trade_pct_gdp
PRT,2020,Portugal,76.5086407209215,NE.TRD.GNFS.ZS,trade_pct_gdp
PRT,2019,Portugal,86.7709889083586,NE.TRD.GNFS.ZS,trade_pct_gdp
PRT,2018,Portugal,86.7356954918399,NE.TRD.GNFS.ZS,trade_pct_gdp
PRI,2024,Puerto Rico (US),94.6225085555605,NE.TRD.GNFS.ZS,trade_pct_gdp
PRI,2023,Puerto Rico (US),101.657550951677,NE.TRD.GNFS.ZS,trade_pct_gdp
PRI,2022,Puerto Rico (US),98.2564691765992,NE.TRD.GNFS.ZS,trade_pct_gdp
PRI,2021,Puerto Rico (US),96.7453625315476,NE.TRD.GNFS.ZS,trade_pct_gdp
PRI,2020,Puerto Rico (US),103.509811317462,NE.TRD.GNFS.ZS,trade_pct_gdp
PRI,2019,Puerto Rico (US),107.571456836722,NE.TRD.GNFS.ZS,trade_pct_gdp
PRI,2018,Puerto Rico (US),106.001202479048,NE.TRD.GNFS.ZS,trade_pct_gdp
QAT,2022,Qatar,100.213640845612,NE.TRD.GNFS.ZS,trade_pct_gdp
QAT,2021,Qatar,92.7790897626963,NE.TRD.GNFS.ZS,trade_pct_gdp
QAT,2020,Qatar,90.0189857283633,NE.TRD.GNFS.ZS,trade_pct_gdp
QAT,2019,Qatar,90.0462934117559,NE.TRD.GNFS.ZS,trade_pct_gdp
QAT,2018,Qatar,91.838343273294,NE.TRD.GNFS.ZS,trade_pct_gdp
ROU,2024,Romania,77.2149837939003,NE.TRD.GNFS.ZS,trade_pct_gdp
ROU,2023,Romania,83.3753324062231,NE.TRD.GNFS.ZS,trade_pct_gdp
ROU,2022,Romania,93.9496509383447,NE.TRD.GNFS.ZS,trade_pct_gdp
ROU,2021,Romania,87.0711965460145,NE.TRD.GNFS.ZS,trade_pct_gdp
ROU,2020,Romania,78.3616463562709,NE.TRD.GNFS.ZS,trade_pct_gdp
ROU,2019,Romania,84.9063630584793,NE.TRD.GNFS.ZS,trade_pct_gdp
ROU,2018,Romania,87.0911701095809,NE.TRD.GNFS.ZS,trade_pct_gdp
RUS,2024,Russian Federation,39.5081647660396,NE.TRD.GNFS.ZS,trade_pct_gdp
RUS,2023,Russian Federation,40.8343264105273,NE.TRD.GNFS.ZS,trade_pct_gdp
RUS,2022,Russian Federation,42.7827864294811,NE.TRD.GNFS.ZS,trade_pct_gdp
RUS,2021,Russian Federation,50.5861954621752,NE.TRD.GNFS.ZS,trade_pct_gdp
RUS,2020,Russian Federation,45.9669082029127,NE.TRD.GNFS.ZS,trade_pct_gdp
RUS,2019,Russian Federation,49.2287536619033,NE.TRD.GNFS.ZS,trade_pct_gdp
RUS,2018,Russian Federation,51.5809003703964,NE.TRD.GNFS.ZS,trade_pct_gdp
RWA,2024,Rwanda,69.9544135680561,NE.TRD.GNFS.ZS,trade_pct_gdp
RWA,2023,Rwanda,64.9069041420041,NE.TRD.GNFS.ZS,trade_pct_gdp
RWA,2022,Rwanda,61.1450795033651,NE.TRD.GNFS.ZS,trade_pct_gdp
RWA,2021,Rwanda,54.2938318463367,NE.TRD.GNFS.ZS,trade_pct_gdp
RWA,2020,Rwanda,55.1879515519855,NE.TRD.GNFS.ZS,trade_pct_gdp
RWA,2019,Rwanda,57.9756628637954,NE.TRD.GNFS.ZS,trade_pct_gdp
RWA,2018,Rwanda,55.7841263739603,NE.TRD.GNFS.ZS,trade_pct_gdp
WSM,2024,Samoa,79.5241461770504,NE.TRD.GNFS.ZS,trade_pct_gdp
WSM,2023,Samoa,80.8405125235965,NE.TRD.GNFS.ZS,trade_pct_gdp
WSM,2022,Samoa,60.8477796541449,NE.TRD.GNFS.ZS,trade_pct_gdp
WSM,2021,Samoa,59.7697791857954,NE.TRD.GNFS.ZS,trade_pct_gdp
WSM,2020,Samoa,77.4848006217247,NE.TRD.GNFS.ZS,trade_pct_gdp
WSM,2019,Samoa,83.3310820410377,NE.TRD.GNFS.ZS,trade_pct_gdp
WSM,2018,Samoa,78.9349676190658,NE.TRD.GNFS.ZS,trade_pct_gdp
SMR,2023,San Marino,340.983395012486,NE.TRD.GNFS.ZS,trade_pct_gdp
SMR,2022,San Marino,370.436071813414,NE.TRD.GNFS.ZS,trade_pct_gdp
SMR,2021,San Marino,342.470174007962,NE.TRD.GNFS.ZS,trade_pct_gdp
SMR,2020,San Marino,304.903167579063,NE.TRD.GNFS.ZS,trade_pct_gdp
SMR,2019,San Marino,307.264778080283,NE.TRD.GNFS.ZS,trade_pct_gdp
SMR,2018,San Marino,309.487956436918,NE.TRD.GNFS.ZS,trade_pct_gdp
SAU,2024,Saudi Arabia,54.6787052668733,NE.TRD.GNFS.ZS,trade_pct_gdp
SAU,2023,Saudi Arabia,54.1690118283683,NE.TRD.GNFS.ZS,trade_pct_gdp
SAU,2022,Saudi Arabia,56.8241647749332,NE.TRD.GNFS.ZS,trade_pct_gdp
SAU,2021,Saudi Arabia,50.8839263398787,NE.TRD.GNFS.ZS,trade_pct_gdp
SAU,2020,Saudi Arabia,47.533159225048,NE.TRD.GNFS.ZS,trade_pct_gdp
SAU,2019,Saudi Arabia,56.7938204886513,NE.TRD.GNFS.ZS,trade_pct_gdp
SAU,2018,Saudi Arabia,59.1029104697141,NE.TRD.GNFS.ZS,trade_pct_gdp
SEN,2024,Senegal,68.1405147656211,NE.TRD.GNFS.ZS,trade_pct_gdp
SEN,2023,Senegal,71.3930249127445,NE.TRD.GNFS.ZS,trade_pct_gdp
SEN,2022,Senegal,79.5998216515832,NE.TRD.GNFS.ZS,trade_pct_gdp
SEN,2021,Senegal,69.3759939883832,NE.TRD.GNFS.ZS,trade_pct_gdp
SEN,2020,Senegal,60.0468716137065,NE.TRD.GNFS.ZS,trade_pct_gdp
SEN,2019,Senegal,64.2362506061005,NE.TRD.GNFS.ZS,trade_pct_gdp
SEN,2018,Senegal,61.7898394793183,NE.TRD.GNFS.ZS,trade_pct_gdp
SRB,2024,Serbia,111.725028388916,NE.TRD.GNFS.ZS,trade_pct_gdp
SRB,2023,Serbia,114.49206464322,NE.TRD.GNFS.ZS,trade_pct_gdp
SRB,2022,Serbia,131.913292283516,NE.TRD.GNFS.ZS,trade_pct_gdp
SRB,2021,Serbia,112.342298324945,NE.TRD.GNFS.ZS,trade_pct_gdp
SRB,2020,Serbia,100.324460810129,NE.TRD.GNFS.ZS,trade_pct_gdp
SRB,2019,Serbia,107.577309546092,NE.TRD.GNFS.ZS,trade_pct_gdp
SRB,2018,Serbia,105.563713028559,NE.TRD.GNFS.ZS,trade_pct_gdp
SYC,2024,Seychelles,188.369185297411,NE.TRD.GNFS.ZS,trade_pct_gdp
SYC,2023,Seychelles,180.82726250166,NE.TRD.GNFS.ZS,trade_pct_gdp
SYC,2022,Seychelles,189.826835436591,NE.TRD.GNFS.ZS,trade_pct_gdp
SYC,2021,Seychelles,183.77081501466,NE.TRD.GNFS.ZS,trade_pct_gdp
SYC,2020,Seychelles,153.48333156592,NE.TRD.GNFS.ZS,trade_pct_gdp
SYC,2019,Seychelles,173.407846880196,NE.TRD.GNFS.ZS,trade_pct_gdp
SYC,2018,Seychelles,185.7075372109,NE.TRD.GNFS.ZS,trade_pct_gdp
SLE,2024,Sierra Leone,40.5454450452166,NE.TRD.GNFS.ZS,trade_pct_gdp
SLE,2023,Sierra Leone,55.2867969448945,NE.TRD.GNFS.ZS,trade_pct_gdp
SLE,2022,Sierra Leone,45.0542127390319,NE.TRD.GNFS.ZS,trade_pct_gdp
SLE,2021,Sierra Leone,42.1435161280127,NE.TRD.GNFS.ZS,trade_pct_gdp
SLE,2020,Sierra Leone,30.6131009514507,NE.TRD.GNFS.ZS,trade_pct_gdp
SLE,2019,Sierra Leone,37.5619530302056,NE.TRD.GNFS.ZS,trade_pct_gdp
SLE,2018,Sierra Leone,37.3774604106006,NE.TRD.GNFS.ZS,trade_pct_gdp
SGP,2024,Singapore,322.371427934716,NE.TRD.GNFS.ZS,trade_pct_gdp
SGP,2023,Singapore,325.69322405378,NE.TRD.GNFS.ZS,trade_pct_gdp
SGP,2022,Singapore,332.34956775484,NE.TRD.GNFS.ZS,trade_pct_gdp
SGP,2021,Singapore,329.161383683762,NE.TRD.GNFS.ZS,trade_pct_gdp
SGP,2020,Singapore,332.040805481913,NE.TRD.GNFS.ZS,trade_pct_gdp
SGP,2019,Singapore,324.394985115301,NE.TRD.GNFS.ZS,trade_pct_gdp
SGP,2018,Singapore,326.59658728675,NE.TRD.GNFS.ZS,trade_pct_gdp
SVK,2024,Slovak Republic,171.212800151635,NE.TRD.GNFS.ZS,trade_pct_gdp
SVK,2023,Slovak Republic,181.39087235645,NE.TRD.GNFS.ZS,trade_pct_gdp
SVK,2022,Slovak Republic,204.056318531151,NE.TRD.GNFS.ZS,trade_pct_gdp
SVK,2021,Slovak Republic,181.97948448512,NE.TRD.GNFS.ZS,trade_pct_gdp
SVK,2020,Slovak Republic,167.534173320366,NE.TRD.GNFS.ZS,trade_pct_gdp
SVK,2019,Slovak Republic,183.722608631236,NE.TRD.GNFS.ZS,trade_pct_gdp
SVK,2018,Slovak Republic,188.732964699496,NE.TRD.GNFS.ZS,trade_pct_gdp
SVN,2024,Slovenia,155.657928684474,NE.TRD.GNFS.ZS,trade_pct_gdp
SVN,2023,Slovenia,160.1596693009,NE.TRD.GNFS.ZS,trade_pct_gdp
SVN,2022,Slovenia,186.647076274632,NE.TRD.GNFS.ZS,trade_pct_gdp
SVN,2021,Slovenia,161.788727511439,NE.TRD.GNFS.ZS,trade_pct_gdp
SVN,2020,Slovenia,147.549008584942,NE.TRD.GNFS.ZS,trade_pct_gdp
SVN,2019,Slovenia,160.044275685249,NE.TRD.GNFS.ZS,trade_pct_gdp
SVN,2018,Slovenia,162.613493975851,NE.TRD.GNFS.ZS,trade_pct_gdp
SLB,2024,Solomon Islands,111.352972064455,NE.TRD.GNFS.ZS,trade_pct_gdp
SLB,2023,Solomon Islands,101.13453179317,NE.TRD.GNFS.ZS,trade_pct_gdp
SLB,2022,Solomon Islands,74.8355405329858,NE.TRD.GNFS.ZS,trade_pct_gdp
SLB,2021,Solomon Islands,67.4200567835061,NE.TRD.GNFS.ZS,trade_pct_gdp
SLB,2020,Solomon Islands,60.2204365577573,NE.TRD.GNFS.ZS,trade_pct_gdp
SLB,2019,Solomon Islands,82.9985659020552,NE.TRD.GNFS.ZS,trade_pct_gdp
SLB,2018,Solomon Islands,88.4949614655388,NE.TRD.GNFS.ZS,trade_pct_gdp
SOM,2024,"Somalia, Fed. Rep.",130.325060583271,NE.TRD.GNFS.ZS,trade_pct_gdp
SOM,2023,"Somalia, Fed. Rep.",103.121007483117,NE.TRD.GNFS.ZS,trade_pct_gdp
SOM,2022,"Somalia, Fed. Rep.",90.7576203077526,NE.TRD.GNFS.ZS,trade_pct_gdp
SOM,2021,"Somalia, Fed. Rep.",79.0994411051355,NE.TRD.GNFS.ZS,trade_pct_gdp
SOM,2020,"Somalia, Fed. Rep.",75.6954102920723,NE.TRD.GNFS.ZS,trade_pct_gdp
SOM,2019,"Somalia, Fed. Rep.",70.2980591497227,NE.TRD.GNFS.ZS,trade_pct_gdp
SOM,2018,"Somalia, Fed. Rep.",73.8219230280706,NE.TRD.GNFS.ZS,trade_pct_gdp
ZAF,2024,South Africa,61.646770473025,NE.TRD.GNFS.ZS,trade_pct_gdp
ZAF,2023,South Africa,65.6798759740707,NE.TRD.GNFS.ZS,trade_pct_gdp
ZAF,2022,South Africa,64.94713440234,NE.TRD.GNFS.ZS,trade_pct_gdp
ZAF,2021,South Africa,56.1647136277546,NE.TRD.GNFS.ZS,trade_pct_gdp
ZAF,2020,South Africa,50.7596590804177,NE.TRD.GNFS.ZS,trade_pct_gdp
ZAF,2019,South Africa,53.8979964081406,NE.TRD.GNFS.ZS,trade_pct_gdp
ZAF,2018,South Africa,54.4855451276341,NE.TRD.GNFS.ZS,trade_pct_gdp
ESP,2024,Spain,69.9502612382631,NE.TRD.GNFS.ZS,trade_pct_gdp
ESP,2023,Spain,71.7976366055733,NE.TRD.GNFS.ZS,trade_pct_gdp
ESP,2022,Spain,78.4657338703054,NE.TRD.GNFS.ZS,trade_pct_gdp
ESP,2021,Spain,66.524588943191,NE.TRD.GNFS.ZS,trade_pct_gdp
ESP,2020,Spain,59.4461280147076,NE.TRD.GNFS.ZS,trade_pct_gdp
ESP,2019,Spain,66.3662250440692,NE.TRD.GNFS.ZS,trade_pct_gdp
ESP,2018,Spain,67.0094103982921,NE.TRD.GNFS.ZS,trade_pct_gdp
LKA,2024,Sri Lanka,42.3975008711047,NE.TRD.GNFS.ZS,trade_pct_gdp
LKA,2023,Sri Lanka,43.5362302960951,NE.TRD.GNFS.ZS,trade_pct_gdp
LKA,2022,Sri Lanka,46.6826080196819,NE.TRD.GNFS.ZS,trade_pct_gdp
LKA,2021,Sri Lanka,41.2288463291999,NE.TRD.GNFS.ZS,trade_pct_gdp
LKA,2020,Sri Lanka,37.089118857292,NE.TRD.GNFS.ZS,trade_pct_gdp
LKA,2019,Sri Lanka,49.42552388546,NE.TRD.GNFS.ZS,trade_pct_gdp
LKA,2018,Sri Lanka,49.8093967521361,NE.TRD.GNFS.ZS,trade_pct_gdp
SDN,2024,Sudan,1.99541210225008,NE.TRD.GNFS.ZS,trade_pct_gdp
SDN,2023,Sudan,2.47372878267665,NE.TRD.GNFS.ZS,trade_pct_gdp
SDN,2022,Sudan,2.69883443585856,NE.TRD.GNFS.ZS,trade_pct_gdp
SDN,2021,Sudan,4.12754863828426,NE.TRD.GNFS.ZS,trade_pct_gdp
SDN,2020,Sudan,9.95514507626151,NE.TRD.GNFS.ZS,trade_pct_gdp
SDN,2019,Sudan,26.1196204552625,NE.TRD.GNFS.ZS,trade_pct_gdp
SDN,2018,Sudan,21.8679187274323,NE.TRD.GNFS.ZS,trade_pct_gdp
SWE,2024,Sweden,105.883091480464,NE.TRD.GNFS.ZS,trade_pct_gdp
SWE,2023,Sweden,107.619709443974,NE.TRD.GNFS.ZS,trade_pct_gdp
SWE,2022,Sweden,107.111751826512,NE.TRD.GNFS.ZS,trade_pct_gdp
SWE,2021,Sweden,91.1102374413042,NE.TRD.GNFS.ZS,trade_pct_gdp
SWE,2020,Sweden,84.4745958141618,NE.TRD.GNFS.ZS,trade_pct_gdp
SWE,2019,Sweden,92.7511390290561,NE.TRD.GNFS.ZS,trade_pct_gdp
SWE,2018,Sweden,90.4087142361701,NE.TRD.GNFS.ZS,trade_pct_gdp
CHE,2024,Switzerland,134.09514852061,NE.TRD.GNFS.ZS,trade_pct_gdp
CHE,2023,Switzerland,135.32000224909,NE.TRD.GNFS.ZS,trade_pct_gdp
CHE,2022,Switzerland,138.500698753519,NE.TRD.GNFS.ZS,trade_pct_gdp
CHE,2021,Switzerland,130.016261288489,NE.TRD.GNFS.ZS,trade_pct_gdp
CHE,2020,Switzerland,121.785977998371,NE.TRD.GNFS.ZS,trade_pct_gdp
CHE,2019,Switzerland,124.127612180467,NE.TRD.GNFS.ZS,trade_pct_gdp
CHE,2018,Switzerland,124.428504325808,NE.TRD.GNFS.ZS,trade_pct_gdp
SYR,2022,Syrian Arab Republic,35.6094680799956,NE.TRD.GNFS.ZS,trade_pct_gdp
SYR,2021,Syrian Arab Republic,61.2204850955149,NE.TRD.GNFS.ZS,trade_pct_gdp
SYR,2020,Syrian Arab Republic,44.818335302748,NE.TRD.GNFS.ZS,trade_pct_gdp
SYR,2019,Syrian Arab Republic,41.9994711236162,NE.TRD.GNFS.ZS,trade_pct_gdp
SYR,2018,Syrian Arab Republic,50.6590991144828,NE.TRD.GNFS.ZS,trade_pct_gdp
TJK,2023,Tajikistan,65.6347010367354,NE.TRD.GNFS.ZS,trade_pct_gdp
TJK,2022,Tajikistan,65.4355115893577,NE.TRD.GNFS.ZS,trade_pct_gdp
TJK,2021,Tajikistan,71.825937435383,NE.TRD.GNFS.ZS,trade_pct_gdp
TJK,2020,Tajikistan,55.7491040194954,NE.TRD.GNFS.ZS,trade_pct_gdp
TJK,2019,Tajikistan,56.0450159145896,NE.TRD.GNFS.ZS,trade_pct_gdp
TJK,2018,Tajikistan,55.8461114113303,NE.TRD.GNFS.ZS,trade_pct_gdp
TZA,2024,Tanzania,41.5131207208244,NE.TRD.GNFS.ZS,trade_pct_gdp
TZA,2023,Tanzania,38.212034806339,NE.TRD.GNFS.ZS,trade_pct_gdp
TZA,2022,Tanzania,35.0034517101994,NE.TRD.GNFS.ZS,trade_pct_gdp
TZA,2021,Tanzania,29.9151840074048,NE.TRD.GNFS.ZS,trade_pct_gdp
TZA,2020,Tanzania,27.9630151969884,NE.TRD.GNFS.ZS,trade_pct_gdp
TZA,2019,Tanzania,33.0185892502311,NE.TRD.GNFS.ZS,trade_pct_gdp
TZA,2018,Tanzania,32.6426099043737,NE.TRD.GNFS.ZS,trade_pct_gdp
THA,2024,Thailand,136.747107022451,NE.TRD.GNFS.ZS,trade_pct_gdp
THA,2023,Thailand,128.824114152375,NE.TRD.GNFS.ZS,trade_pct_gdp
THA,2022,Thailand,132.858712082871,NE.TRD.GNFS.ZS,trade_pct_gdp
THA,2021,Thailand,117.252944620852,NE.TRD.GNFS.ZS,trade_pct_gdp
THA,2020,Thailand,97.8007432465178,NE.TRD.GNFS.ZS,trade_pct_gdp
THA,2019,Thailand,109.689514715166,NE.TRD.GNFS.ZS,trade_pct_gdp
THA,2018,Thailand,120.841864730984,NE.TRD.GNFS.ZS,trade_pct_gdp
TLS,2024,Timor-Leste,95.4485021286221,NE.TRD.GNFS.ZS,trade_pct_gdp
TLS,2023,Timor-Leste,89.3046529157582,NE.TRD.GNFS.ZS,trade_pct_gdp
TLS,2022,Timor-Leste,97.6211103607359,NE.TRD.GNFS.ZS,trade_pct_gdp
TLS,2021,Timor-Leste,99.8599994214434,NE.TRD.GNFS.ZS,trade_pct_gdp
TLS,2020,Timor-Leste,84.7503102509987,NE.TRD.GNFS.ZS,trade_pct_gdp
TLS,2019,Timor-Leste,70.6142431890513,NE.TRD.GNFS.ZS,trade_pct_gdp
TLS,2018,Timor-Leste,64.8191803659945,NE.TRD.GNFS.ZS,trade_pct_gdp
TGO,2022,Togo,61.575092396894,NE.TRD.GNFS.ZS,trade_pct_gdp
TGO,2021,Togo,56.3775580757321,NE.TRD.GNFS.ZS,trade_pct_gdp
TGO,2020,Togo,55.0659513954403,NE.TRD.GNFS.ZS,trade_pct_gdp
TGO,2019,Togo,56.3421740349757,NE.TRD.GNFS.ZS,trade_pct_gdp
TGO,2018,Togo,57.5737388499452,NE.TRD.GNFS.ZS,trade_pct_gdp
TON,2023,Tonga,79.6239205024045,NE.TRD.GNFS.ZS,trade_pct_gdp
TON,2022,Tonga,70.1272756617234,NE.TRD.GNFS.ZS,trade_pct_gdp
TON,2021,Tonga,68.5461486002269,NE.TRD.GNFS.ZS,trade_pct_gdp
TON,2020,Tonga,81.8494988890262,NE.TRD.GNFS.ZS,trade_pct_gdp
TON,2019,Tonga,88.0453900968952,NE.TRD.GNFS.ZS,trade_pct_gdp
TON,2018,Tonga,86.1039624323194,NE.TRD.GNFS.ZS,trade_pct_gdp
TUN,2024,Tunisia,106.298549204247,NE.TRD.GNFS.ZS,trade_pct_gdp
TUN,2023,Tunisia,112.128858013354,NE.TRD.GNFS.ZS,trade_pct_gdp
TUN,2022,Tunisia,116.095794384146,NE.TRD.GNFS.ZS,trade_pct_gdp
TUN,2021,Tunisia,93.6334140664079,NE.TRD.GNFS.ZS,trade_pct_gdp
TUN,2020,Tunisia,84.3333297071767,NE.TRD.GNFS.ZS,trade_pct_gdp
TUN,2019,Tunisia,102.332614725789,NE.TRD.GNFS.ZS,trade_pct_gdp
TUN,2018,Tunisia,103.871824260635,NE.TRD.GNFS.ZS,trade_pct_gdp
TUR,2024,Turkiye,54.5988061195916,NE.TRD.GNFS.ZS,trade_pct_gdp
TUR,2023,Turkiye,65.6832084738667,NE.TRD.GNFS.ZS,trade_pct_gdp
TUR,2022,Turkiye,79.8982722314341,NE.TRD.GNFS.ZS,trade_pct_gdp
TUR,2021,Turkiye,69.6088976086437,NE.TRD.GNFS.ZS,trade_pct_gdp
TUR,2020,Turkiye,60.389853117297,NE.TRD.GNFS.ZS,trade_pct_gdp
TUR,2019,Turkiye,62.5784589326239,NE.TRD.GNFS.ZS,trade_pct_gdp
TUR,2018,Turkiye,62.8251323851165,NE.TRD.GNFS.ZS,trade_pct_gdp
TKM,2024,Turkmenistan,28.7346076303052,NE.TRD.GNFS.ZS,trade_pct_gdp
TKM,2023,Turkmenistan,34.0992738017257,NE.TRD.GNFS.ZS,trade_pct_gdp
TKM,2022,Turkmenistan,37.3609509597775,NE.TRD.GNFS.ZS,trade_pct_gdp
TKM,2021,Turkmenistan,33.0581170797482,NE.TRD.GNFS.ZS,trade_pct_gdp
TKM,2020,Turkmenistan,35.9365938526967,NE.TRD.GNFS.ZS,trade_pct_gdp
TKM,2019,Turkmenistan,44.2857594037204,NE.TRD.GNFS.ZS,trade_pct_gdp
TKM,2018,Turkmenistan,50.9002726399821,NE.TRD.GNFS.ZS,trade_pct_gdp
UGA,2024,Uganda,42.6527889088562,NE.TRD.GNFS.ZS,trade_pct_gdp
UGA,2023,Uganda,33.3416963302219,NE.TRD.GNFS.ZS,trade_pct_gdp
UGA,2022,Uganda,34.5053019270937,NE.TRD.GNFS.ZS,trade_pct_gdp
UGA,2021,Uganda,41.7136307424781,NE.TRD.GNFS.ZS,trade_pct_gdp
UGA,2020,Uganda,37.0006923916369,NE.TRD.GNFS.ZS,trade_pct_gdp
UGA,2019,Uganda,39.3610539647435,NE.TRD.GNFS.ZS,trade_pct_gdp
UGA,2018,Uganda,36.6384055999567,NE.TRD.GNFS.ZS,trade_pct_gdp
UKR,2024,Ukraine,77.7530113300514,NE.TRD.GNFS.ZS,trade_pct_gdp
UKR,2023,Ukraine,77.5096141935657,NE.TRD.GNFS.ZS,trade_pct_gdp
UKR,2022,Ukraine,87.3965139907244,NE.TRD.GNFS.ZS,trade_pct_gdp
UKR,2021,Ukraine,82.69796136345,NE.TRD.GNFS.ZS,trade_pct_gdp
UKR,2020,Ukraine,79.1564523761815,NE.TRD.GNFS.ZS,trade_pct_gdp
UKR,2019,Ukraine,90.5112342910763,NE.TRD.GNFS.ZS,trade_pct_gdp
UKR,2018,Ukraine,99.1998150718675,NE.TRD.GNFS.ZS,trade_pct_gdp
ARE,2023,United Arab Emirates,199.044979237546,NE.TRD.GNFS.ZS,trade_pct_gdp
ARE,2022,United Arab Emirates,185.741660982819,NE.TRD.GNFS.ZS,trade_pct_gdp
ARE,2021,United Arab Emirates,182.909355066597,NE.TRD.GNFS.ZS,trade_pct_gdp
ARE,2020,United Arab Emirates,181.29188817064,NE.TRD.GNFS.ZS,trade_pct_gdp
ARE,2019,United Arab Emirates,163.822152944853,NE.TRD.GNFS.ZS,trade_pct_gdp
ARE,2018,United Arab Emirates,154.747005019293,NE.TRD.GNFS.ZS,trade_pct_gdp
GBR,2024,United Kingdom,62.8401605267118,NE.TRD.GNFS.ZS,trade_pct_gdp
GBR,2023,United Kingdom,64.9923841747803,NE.TRD.GNFS.ZS,trade_pct_gdp
GBR,2022,United Kingdom,69.1989264413981,NE.TRD.GNFS.ZS,trade_pct_gdp
GBR,2021,United Kingdom,58.53838629291,NE.TRD.GNFS.ZS,trade_pct_gdp
GBR,2020,United Kingdom,59.1598893030611,NE.TRD.GNFS.ZS,trade_pct_gdp
GBR,2019,United Kingdom,65.0035664177054,NE.TRD.GNFS.ZS,trade_pct_gdp
GBR,2018,United Kingdom,64.9097721959201,NE.TRD.GNFS.ZS,trade_pct_gdp
USA,2024,United States,25.3786342507088,NE.TRD.GNFS.ZS,trade_pct_gdp
USA,2023,United States,25.2903297883366,NE.TRD.GNFS.ZS,trade_pct_gdp
USA,2022,United States,27.3139397355363,NE.TRD.GNFS.ZS,trade_pct_gdp
USA,2021,United States,25.6095576621932,NE.TRD.GNFS.ZS,trade_pct_gdp
USA,2020,United States,23.4015629969394,NE.TRD.GNFS.ZS,trade_pct_gdp
USA,2019,United States,26.4537594940475,NE.TRD.GNFS.ZS,trade_pct_gdp
USA,2018,United States,27.6103792720958,NE.TRD.GNFS.ZS,trade_pct_gdp
URY,2024,Uruguay,52.4649167856379,NE.TRD.GNFS.ZS,trade_pct_gdp
URY,2023,Uruguay,52.910987066463,NE.TRD.GNFS.ZS,trade_pct_gdp
URY,2022,Uruguay,61.0307951043821,NE.TRD.GNFS.ZS,trade_pct_gdp
URY,2021,Uruguay,58.3150410230338,NE.TRD.GNFS.ZS,trade_pct_gdp
URY,2020,Uruguay,47.7318733182088,NE.TRD.GNFS.ZS,trade_pct_gdp
URY,2019,Uruguay,49.7448341159636,NE.TRD.GNFS.ZS,trade_pct_gdp
URY,2018,Uruguay,47.7913104806475,NE.TRD.GNFS.ZS,trade_pct_gdp
UZB,2024,Uzbekistan,60.7274403812997,NE.TRD.GNFS.ZS,trade_pct_gdp
UZB,2023,Uzbekistan,66.1051443040339,NE.TRD.GNFS.ZS,trade_pct_gdp
UZB,2022,Uzbekistan,62.8412525378517,NE.TRD.GNFS.ZS,trade_pct_gdp
UZB,2021,Uzbekistan,57.4589716973222,NE.TRD.GNFS.ZS,trade_pct_gdp
UZB,2020,Uzbekistan,56.0515308349971,NE.TRD.GNFS.ZS,trade_pct_gdp
UZB,2019,Uzbekistan,64.9639227632407,NE.TRD.GNFS.ZS,trade_pct_gdp
UZB,2018,Uzbekistan,64.1381394985773,NE.TRD.GNFS.ZS,trade_pct_gdp
VUT,2022,Vanuatu,63.5996121674253,NE.TRD.GNFS.ZS,trade_pct_gdp
VUT,2021,Vanuatu,59.9521259721408,NE.TRD.GNFS.ZS,trade_pct_gdp
VUT,2020,Vanuatu,69.9148948336494,NE.TRD.GNFS.ZS,trade_pct_gdp
VUT,2019,Vanuatu,99.3829688227082,NE.TRD.GNFS.ZS,trade_pct_gdp
VUT,2018,Vanuatu,110.679659822766,NE.TRD.GNFS.ZS,trade_pct_gdp
VEN,2024,"Venezuela, RB",26.0811657596499,NE.TRD.GNFS.ZS,trade_pct_gdp
VEN,2023,"Venezuela, RB",28.0946077372131,NE.TRD.GNFS.ZS,trade_pct_gdp
VEN,2022,"Venezuela, RB",27.8982770650022,NE.TRD.GNFS.ZS,trade_pct_gdp
VEN,2021,"Venezuela, RB",29.2263400311727,NE.TRD.GNFS.ZS,trade_pct_gdp
VEN,2020,"Venezuela, RB",26.0912344958707,NE.TRD.GNFS.ZS,trade_pct_gdp
VEN,2019,"Venezuela, RB",58.1292903256504,NE.TRD.GNFS.ZS,trade_pct_gdp
VEN,2018,"Venezuela, RB",54.6450667905599,NE.TRD.GNFS.ZS,trade_pct_gdp
VNM,2024,Viet Nam,173.862024782965,NE.TRD.GNFS.ZS,trade_pct_gdp
VNM,2023,Viet Nam,164.818071269894,NE.TRD.GNFS.ZS,trade_pct_gdp
VNM,2022,Viet Nam,183.153619147836,NE.TRD.GNFS.ZS,trade_pct_gdp
VNM,2021,Viet Nam,186.675832836814,NE.TRD.GNFS.ZS,trade_pct_gdp
VNM,2020,Viet Nam,163.245862814935,NE.TRD.GNFS.ZS,trade_pct_gdp
VNM,2019,Viet Nam,164.704215031408,NE.TRD.GNFS.ZS,trade_pct_gdp
VNM,2018,Viet Nam,164.663936775893,NE.TRD.GNFS.ZS,trade_pct_gdp
VIR,2022,Virgin Islands (U.S.),205.629280821918,NE.TRD.GNFS.ZS,trade_pct_gdp
VIR,2021,Virgin Islands (U.S.),180.297315287331,NE.TRD.GNFS.ZS,trade_pct_gdp
VIR,2020,Virgin Islands (U.S.),113.596594939702,NE.TRD.GNFS.ZS,trade_pct_gdp
VIR,2019,Virgin Islands (U.S.),155.4234409124,NE.TRD.GNFS.ZS,trade_pct_gdp
VIR,2018,Virgin Islands (U.S.),159.240377262299,NE.TRD.GNFS.ZS,trade_pct_gdp
PSE,2024,West Bank and Gaza,81.3136801569531,NE.TRD.GNFS.ZS,trade_pct_gdp
PSE,2023,West Bank and Gaza,79.5331663669115,NE.TRD.GNFS.ZS,trade_pct_gdp
PSE,2022,West Bank and Gaza,82.3949283869453,NE.TRD.GNFS.ZS,trade_pct_gdp
PSE,2021,West Bank and Gaza,73.0835496162129,NE.TRD.GNFS.ZS,trade_pct_gdp
PSE,2020,West Bank and Gaza,67.2881912475775,NE.TRD.GNFS.ZS,trade_pct_gdp
PSE,2019,West Bank and Gaza,68.9934922812035,NE.TRD.GNFS.ZS,trade_pct_gdp
PSE,2018,West Bank and Gaza,71.4012754506469,NE.TRD.GNFS.ZS,trade_pct_gdp
YEM,2018,"Yemen, Rep.",56.0778227215077,NE.TRD.GNFS.ZS,trade_pct_gdp
ZMB,2024,Zambia,62.5348874064443,NE.TRD.GNFS.ZS,trade_pct_gdp
ZMB,2023,Zambia,78.2418870451485,NE.TRD.GNFS.ZS,trade_pct_gdp
ZMB,2022,Zambia,69.2973154193203,NE.TRD.GNFS.ZS,trade_pct_gdp
ZMB,2021,Zambia,86.2085111934645,NE.TRD.GNFS.ZS,trade_pct_gdp
ZMB,2020,Zambia,79.2068494095955,NE.TRD.GNFS.ZS,trade_pct_gdp
ZMB,2019,Zambia,68.791204936096,NE.TRD.GNFS.ZS,trade_pct_gdp
ZMB,2018,Zambia,74.8883695274665,NE.TRD.GNFS.ZS,trade_pct_gdp
ZWE,2024,Zimbabwe,41.4865312656314,NE.TRD.GNFS.ZS,trade_pct_gdp
ZWE,2023,Zimbabwe,40.2912612046942,NE.TRD.GNFS.ZS,trade_pct_gdp
ZWE,2022,Zimbabwe,55.0673522476036,NE.TRD.GNFS.ZS,trade_pct_gdp
ZWE,2021,Zimbabwe,44.1145594899855,NE.TRD.GNFS.ZS,trade_pct_gdp
ZWE,2020,Zimbabwe,40.1784062234355,NE.TRD.GNFS.ZS,trade_pct_gdp
ZWE,2019,Zimbabwe,46.1065442675515,NE.TRD.GNFS.ZS,trade_pct_gdp
ZWE,2018,Zimbabwe,54.55031658746,NE.TRD.GNFS.ZS,trade_pct_gdp
