iso3,country_name,region,income_group,Q1_percentile,Q1_label,Q2_percentile,Q2_label,Q3_percentile,Q3_label,Q5_percentile,Q5_label,Q6_percentile,Q6_label,overall_country_profile_score,overall_country_profile_rank,overall_country_profile_label,main_strengths,main_weaknesses,missingness_warnings,recommended_use_in_phase8,cluster_hca,cluster_kmeans,Q4_regulatory_profile,Q4_regulatory_label,Q4_data_source,overall_country_profile_score_is_descriptive,not_a_causal_or_predictive_index,section,question_id,question_label,dimension_type,outcome,observed_value,score_value,score_source,rank_global,percentile_global,rank_desc,n_comparable_countries,missing_observed_value,missing_score_value,interpretation_label,strength_weakness_label,score_scope,independent_prediction,causal_claim,notes,value_used_for_ranking,outcome_label,value_type,rank_asc,percentile,n_ranked,is_top_5_global,is_bottom_5_global,missingness_flag,why_high_or_low_short,group_name,group_type,rank_within_group,percentile_within_group,n_group_ranked,is_best_in_group,is_worst_in_group,distance_to_group_best,distance_to_group_median,distance_to_chile,why_best_or_worst,model_id,term,term_value,term_percentile,coefficient_or_weight,standardized_contribution,contribution_direction,contribution_rank_within_country,contribution_label,driver_type,interpretation,abs_contribution,fitted_value,residual,absolute_residual,residual_rank,residual_percentile,overperformer_underperformer,gap_vs_best,gap_vs_group_best,gap_vs_chile,gap_vs_singapore
URY,Uruguay,Latin America & Caribbean ,High income,0.257703488372093,low_performer,0.3215669988925803,low_performer,0.12846068660022147,bottom_laggard,0.10151347360649687,bottom_laggard,0.43604651162790703,middle_performer,0.2490582318198597,39.0,low_performer,,Q3;Q5,0_missing_Q_dimensions,gap_case,1.0,1.0,Cluster 1: proyecto de ley IA en curso (pragmático),proyecto_en_curso,Techieray_clustering,True,True,summary,,,,,,,,,,,,,,,,,,,,,,,,,,,,,,,,,,,,,,,,,,,,,,,,,,,,,,,,,,,,,,
URY,Uruguay,Latin America & Caribbean ,High income,,,,,,,,,,,,,,,,,,,,,,,,,q_profile_long,Q1,Inversión,question_outcome,oxford_ind_company_investment_emerging_tech,27.0,27.0,observed_or_phase6_score,40.0,0.09302325581395349,40.0,43.0,False,False,bottom_laggard,weakness,in_sample_descriptive_positioning,False,False,Descriptive country-level position; not external prediction or causality.,,,,,,,,,,,,,,,,,,,,,,,,,,,,,,,,,,,,,,,,,,,
URY,Uruguay,Latin America & Caribbean ,High income,,,,,,,,,,,,,,,,,,,,,,,,,q_profile_long,Q1,Inversión,question_outcome,oxford_ind_ai_unicorns_log,0.0,0.0,observed_or_phase6_score,13.0,0.37209302325581395,13.0,43.0,False,False,low_performer,neutral,in_sample_descriptive_positioning,False,False,Descriptive country-level position; not external prediction or causality.,,,,,,,,,,,,,,,,,,,,,,,,,,,,,,,,,,,,,,,,,,,
URY,Uruguay,Latin America & Caribbean ,High income,,,,,,,,,,,,,,,,,,,,,,,,,q_profile_long,Q1,Inversión,question_outcome,oxford_ind_vc_availability,8.0,8.0,observed_or_phase6_score,30.0,0.29069767441860467,30.0,43.0,False,False,low_performer,neutral,in_sample_descriptive_positioning,False,False,Descriptive country-level position; not external prediction or causality.,,,,,,,,,,,,,,,,,,,,,,,,,,,,,,,,,,,,,,,,,,,
URY,Uruguay,Latin America & Caribbean ,High income,,,,,,,,,,,,,,,,,,,,,,,,,q_profile_long,Q1,Inversión,question_outcome,wipo_c_vencapdeal_score,4.24955873945845,4.24955873945845,observed_or_phase6_score,30.0,0.275,30.0,40.0,False,False,low_performer,neutral,in_sample_descriptive_positioning,False,False,Descriptive country-level position; not external prediction or causality.,,,,,,,,,,,,,,,,,,,,,,,,,,,,,,,,,,,,,,,,,,,
URY,Uruguay,Latin America & Caribbean ,High income,,,,,,,,,,,,,,,,,,,,,,,,,q_profile_long,Q2,Adopción,question_outcome,ms_h2_2025_ai_diffusion_pct,22.5,22.5,observed_or_phase6_score,31.0,0.2857142857142857,31.0,42.0,False,False,low_performer,neutral,in_sample_descriptive_positioning,False,False,Descriptive country-level position; not external prediction or causality.,,,,,,,,,,,,,,,,,,,,,,,,,,,,,,,,,,,,,,,,,,,
URY,Uruguay,Latin America & Caribbean ,High income,,,,,,,,,,,,,,,,,,,,,,,,,q_profile_long,Q2,Adopción,question_outcome,oecd_5_ict_business_oecd_biz_ai_pct,,,observed_or_phase6_score,,,,31.0,True,True,not_ranked_missing,missing,in_sample_descriptive_positioning,False,False,Descriptive country-level position; not external prediction or causality.,,,,,,,,,,,,,,,,,,,,,,,,,,,,,,,,,,,,,,,,,,,
URY,Uruguay,Latin America & Caribbean ,High income,,,,,,,,,,,,,,,,,,,,,,,,,q_profile_long,Q2,Adopción,question_outcome,anthropic_usage_pct,0.0593,0.0593,observed_or_phase6_score,42.0,0.023809523809523808,42.0,42.0,False,False,bottom_laggard,weakness,in_sample_descriptive_positioning,False,False,Descriptive country-level position; not external prediction or causality.,,,,,,,,,,,,,,,,,,,,,,,,,,,,,,,,,,,,,,,,,,,
URY,Uruguay,Latin America & Caribbean ,High income,,,,,,,,,,,,,,,,,,,,,,,,,q_profile_long,Q2,Adopción,question_outcome,oxford_public_sector_adoption,83.22,83.22,observed_or_phase6_score,11.0,0.7674418604651163,11.0,43.0,False,False,high_performer,strength,in_sample_descriptive_positioning,False,False,Descriptive country-level position; not external prediction or causality.,,,,,,,,,,,,,,,,,,,,,,,,,,,,,,,,,,,,,,,,,,,
URY,Uruguay,Latin America & Caribbean ,High income,,,,,,,,,,,,,,,,,,,,,,,,,q_profile_long,Q2,Adopción,question_outcome,oxford_ind_adoption_emerging_tech,51.47,51.47,observed_or_phase6_score,35.0,0.20930232558139536,35.0,43.0,False,False,low_performer,weakness,in_sample_descriptive_positioning,False,False,Descriptive country-level position; not external prediction or causality.,,,,,,,,,,,,,,,,,,,,,,,,,,,,,,,,,,,,,,,,,,,
URY,Uruguay,Latin America & Caribbean ,High income,,,,,,,,,,,,,,,,,,,,,,,,,q_profile_long,Q3,Innovación,question_outcome,oxford_total_score,58.47,58.47,observed_or_phase6_score,35.0,0.20930232558139536,35.0,43.0,False,False,low_performer,weakness,in_sample_descriptive_positioning,False,False,Descriptive country-level position; not external prediction or causality.,,,,,,,,,,,,,,,,,,,,,,,,,,,,,,,,,,,,,,,,,,,
URY,Uruguay,Latin America & Caribbean ,High income,,,,,,,,,,,,,,,,,,,,,,,,,q_profile_long,Q3,Innovación,question_outcome,wipo_out_score,19.2946369960216,19.2946369960216,observed_or_phase6_score,41.0,0.047619047619047616,41.0,42.0,False,False,bottom_laggard,weakness,in_sample_descriptive_positioning,False,False,Descriptive country-level position; not external prediction or causality.,,,,,,,,,,,,,,,,,,,,,,,,,,,,,,,,,,,,,,,,,,,
URY,Uruguay,Latin America & Caribbean ,High income,,,,,,,,,,,,,,,,,,,,,,,,,q_profile_long,Q5,Uso poblacional,question_outcome,anthropic_usage_pct,0.0593,0.0593,observed_or_phase6_score,42.0,0.023809523809523808,42.0,42.0,False,False,bottom_laggard,weakness,in_sample_descriptive_positioning,False,False,Descriptive country-level position; not external prediction or causality.,,,,,,,,,,,,,,,,,,,,,,,,,,,,,,,,,,,,,,,,,,,
URY,Uruguay,Latin America & Caribbean ,High income,,,,,,,,,,,,,,,,,,,,,,,,,q_profile_long,Q5,Uso poblacional,question_outcome,anthropic_collaboration_pct,16.66666666666666,16.66666666666666,observed_or_phase6_score,38.0,0.07142857142857142,38.0,42.0,False,False,bottom_laggard,weakness,in_sample_descriptive_positioning,False,False,Descriptive country-level position; not external prediction or causality.,,,,,,,,,,,,,,,,,,,,,,,,,,,,,,,,,,,,,,,,,,,
URY,Uruguay,Latin America & Caribbean ,High income,,,,,,,,,,,,,,,,,,,,,,,,,q_profile_long,Q5,Uso poblacional,question_outcome,oxford_ind_adoption_emerging_tech,51.47,51.47,observed_or_phase6_score,35.0,0.20930232558139536,35.0,43.0,False,False,low_performer,weakness,in_sample_descriptive_positioning,False,False,Descriptive country-level position; not external prediction or causality.,,,,,,,,,,,,,,,,,,,,,,,,,,,,,,,,,,,,,,,,,,,
URY,Uruguay,Latin America & Caribbean ,High income,,,,,,,,,,,,,,,,,,,,,,,,,q_profile_long,Q6,Sector público,question_outcome,oxford_public_sector_adoption,83.22,83.22,observed_or_phase6_score,11.0,0.7674418604651163,11.0,43.0,False,False,high_performer,strength,in_sample_descriptive_positioning,False,False,Descriptive country-level position; not external prediction or causality.,,,,,,,,,,,,,,,,,,,,,,,,,,,,,,,,,,,,,,,,,,,
URY,Uruguay,Latin America & Caribbean ,High income,,,,,,,,,,,,,,,,,,,,,,,,,q_profile_long,Q6,Sector público,question_outcome,oxford_e_government_delivery,88.58,88.58,observed_or_phase6_score,22.0,0.5116279069767442,22.0,43.0,False,False,middle_performer,neutral,in_sample_descriptive_positioning,False,False,Descriptive country-level position; not external prediction or causality.,,,,,,,,,,,,,,,,,,,,,,,,,,,,,,,,,,,,,,,,,,,
URY,Uruguay,Latin America & Caribbean ,High income,,,,,,,,,,,,,,,,,,,,,,,,,q_profile_long,Q6,Sector público,question_outcome,oxford_government_digital_policy,77.85,77.85,observed_or_phase6_score,14.0,0.6976744186046512,14.0,43.0,False,False,middle_performer,neutral,in_sample_descriptive_positioning,False,False,Descriptive country-level position; not external prediction or causality.,,,,,,,,,,,,,,,,,,,,,,,,,,,,,,,,,,,,,,,,,,,
URY,Uruguay,Latin America & Caribbean ,High income,,,,,,,,,,,,,,,,,,,,,,,,,q_profile_long,Q6,Sector público,question_outcome,oxford_ind_data_governance,50.0,50.0,observed_or_phase6_score,16.0,0.36046511627906974,16.0,43.0,False,False,low_performer,neutral,in_sample_descriptive_positioning,False,False,Descriptive country-level position; not external prediction or causality.,,,,,,,,,,,,,,,,,,,,,,,,,,,,,,,,,,,,,,,,,,,
URY,Uruguay,Latin America & Caribbean ,High income,,,,,,,,,,,,,,,,,,,,,,,,,q_profile_long,Q6,Sector público,question_outcome,oxford_governance_ethics,69.22651663,69.22651663,observed_or_phase6_score,40.0,0.09302325581395349,40.0,43.0,False,False,bottom_laggard,weakness,in_sample_descriptive_positioning,False,False,Descriptive country-level position; not external prediction or causality.,,,,,,,,,,,,,,,,,,,,,,,,,,,,,,,,,,,,,,,,,,,
URY,Uruguay,Latin America & Caribbean ,High income,,,,,,,,,,,,,,,,,,,,,,,,,q_profile_long,Q6,Sector público,question_outcome,oecd_2_indigo_oecd_indigo_score,0.0712803825736046,0.0712803825736046,observed_or_phase6_score,36.0,0.18604651162790697,36.0,43.0,False,False,bottom_laggard,weakness,in_sample_descriptive_positioning,False,False,Descriptive country-level position; not external prediction or causality.,,,,,,,,,,,,,,,,,,,,,,,,,,,,,,,,,,,,,,,,,,,
URY,Uruguay,Latin America & Caribbean ,High income,,,,,,,,,,,,,,,,,,,,,,,,,q_profile_long,Q6,Sector público,question_outcome,oecd_4_digital_gov_oecd_digital_gov_overall,,,observed_or_phase6_score,,,,31.0,True,True,not_ranked_missing,missing,in_sample_descriptive_positioning,False,False,Descriptive country-level position; not external prediction or causality.,,,,,,,,,,,,,,,,,,,,,,,,,,,,,,,,,,,,,,,,,,,
URY,Uruguay,Latin America & Caribbean ,High income,,,,,,,,,,,,,,,,,,,,,,,,,group_rankings,Q1,Inversión,,oxford_ind_ai_unicorns_log,,,,,,13.0,,,,low_performer,,,,,,0.0,oxford_ind_ai_unicorns_log,observed_or_score,1.0,0.37209302325581395,43.0,False,True,False,desempeño bajo relativo,High income,income,11.0,0.37142857142857144,35.0,False,False,100.0,0.0,-16.99916163,,,,,,,,,,,,,,,,,,,,,,,
URY,Uruguay,Latin America & Caribbean ,High income,,,,,,,,,,,,,,,,,,,,,,,,,group_rankings,Q1,Inversión,,oxford_ind_company_investment_emerging_tech,,,,,,40.0,,,,bottom_laggard,,,,,,27.0,oxford_ind_company_investment_emerging_tech,observed_or_score,4.0,0.09302325581395349,43.0,False,True,False,ubicado en el tramo inferior de la muestra,High income,income,33.0,0.08571428571428572,35.0,False,False,73.0,40.5,-11.5,,,,,,,,,,,,,,,,,,,,,,,
URY,Uruguay,Latin America & Caribbean ,High income,,,,,,,,,,,,,,,,,,,,,,,,,group_rankings,Q1,Inversión,,oxford_ind_vc_availability,,,,,,30.0,,,,low_performer,,,,,,8.0,oxford_ind_vc_availability,observed_or_score,11.0,0.29069767441860467,43.0,False,False,False,desempeño bajo relativo,High income,income,26.0,0.2571428571428571,35.0,False,False,92.0,17.0,-1.0,,,,,,,,,,,,,,,,,,,,,,,
URY,Uruguay,Latin America & Caribbean ,High income,,,,,,,,,,,,,,,,,,,,,,,,,group_rankings,Q1,Inversión,,wipo_c_vencapdeal_score,,,,,,30.0,,,,low_performer,,,,,,4.24955873945845,wipo_c_vencapdeal_score,observed_or_score,11.0,0.275,40.0,False,False,False,desempeño bajo relativo,High income,income,27.0,0.21212121212121213,33.0,False,False,95.75044126054155,15.05310212394675,0.3010438549533103,,,,,,,,,,,,,,,,,,,,,,,
URY,Uruguay,Latin America & Caribbean ,High income,,,,,,,,,,,,,,,,,,,,,,,,,group_rankings,Q2,Adopción,,anthropic_usage_pct,,,,,,42.0,,,,bottom_laggard,,,,,,0.0593,anthropic_usage_pct,observed_or_score,1.0,0.023809523809523808,42.0,False,True,False,ubicado en el tramo inferior de la muestra,High income,income,35.0,0.02857142857142857,35.0,False,True,22.1779,0.41109999999999997,-0.21270000000000003,peor de su grupo,,,,,,,,,,,,,,,,,,,,,,
URY,Uruguay,Latin America & Caribbean ,High income,,,,,,,,,,,,,,,,,,,,,,,,,group_rankings,Q2,Adopción,,ms_h2_2025_ai_diffusion_pct,,,,,,31.0,,,,low_performer,,,,,,22.5,ms_h2_2025_ai_diffusion_pct,observed_or_score,12.0,0.2857142857142857,42.0,False,False,False,desempeño bajo relativo,High income,income,30.0,0.14705882352941177,34.0,False,False,41.5,8.549999999999997,1.6999999999999993,,,,,,,,,,,,,,,,,,,,,,,
URY,Uruguay,Latin America & Caribbean ,High income,,,,,,,,,,,,,,,,,,,,,,,,,group_rankings,Q2,Adopción,,oecd_5_ict_business_oecd_biz_ai_pct,,,,,,,,,,not_ranked_missing,,,,,,,oecd_5_ict_business_oecd_biz_ai_pct,observed_or_score,,,31.0,False,False,True,sin dato suficiente para ranking,High income,income,,,29.0,False,False,,,,,,,,,,,,,,,,,,,,,,,,,,
URY,Uruguay,Latin America & Caribbean ,High income,,,,,,,,,,,,,,,,,,,,,,,,,group_rankings,Q2,Adopción,,oxford_ind_adoption_emerging_tech,,,,,,35.0,,,,low_performer,,,,,,51.47,oxford_ind_adoption_emerging_tech,observed_or_score,9.0,0.20930232558139536,43.0,False,False,False,desempeño bajo relativo,High income,income,30.0,0.17142857142857143,35.0,False,False,48.53,23.120000000000005,-10.079999999999998,,,,,,,,,,,,,,,,,,,,,,,
URY,Uruguay,Latin America & Caribbean ,High income,,,,,,,,,,,,,,,,,,,,,,,,,group_rankings,Q2,Adopción,,oxford_public_sector_adoption,,,,,,11.0,,,,high_performer,,,,,,83.22,oxford_public_sector_adoption,observed_or_score,33.0,0.7674418604651163,43.0,False,False,False,desempeño alto relativo,High income,income,9.0,0.7714285714285715,35.0,False,False,16.409999999999997,-5.010000000000005,12.459999999999994,,,,,,,,,,,,,,,,,,,,,,,
URY,Uruguay,Latin America & Caribbean ,High income,,,,,,,,,,,,,,,,,,,,,,,,,group_rankings,Q3,Innovación,,oxford_total_score,,,,,,35.0,,,,low_performer,,,,,,58.47,oxford_total_score,observed_or_score,9.0,0.20930232558139536,43.0,False,False,False,desempeño bajo relativo,High income,income,31.0,0.14285714285714285,35.0,False,False,29.89,11.25,-0.8299999999999983,,,,,,,,,,,,,,,,,,,,,,,
URY,Uruguay,Latin America & Caribbean ,High income,,,,,,,,,,,,,,,,,,,,,,,,,group_rankings,Q3,Innovación,,wipo_out_score,,,,,,41.0,,,,bottom_laggard,,,,,,19.2946369960216,wipo_out_score,observed_or_score,2.0,0.047619047619047616,42.0,False,True,False,ubicado en el tramo inferior de la muestra,High income,income,35.0,0.02857142857142857,35.0,False,True,45.158095492536994,22.918910612603597,-3.5834478480618976,peor de su grupo,,,,,,,,,,,,,,,,,,,,,,
URY,Uruguay,Latin America & Caribbean ,High income,,,,,,,,,,,,,,,,,,,,,,,,,group_rankings,Q5,Uso poblacional,,anthropic_collaboration_pct,,,,,,38.0,,,,bottom_laggard,,,,,,16.66666666666666,anthropic_collaboration_pct,observed_or_score,1.0,0.07142857142857142,42.0,False,True,False,ubicado en el tramo inferior de la muestra,High income,income,32.0,0.07142857142857142,35.0,False,False,1.0658141036401503e-14,1.0658141036401503e-14,-1.0658141036401503e-14,,,,,,,,,,,,,,,,,,,,,,,
URY,Uruguay,Latin America & Caribbean ,High income,,,,,,,,,,,,,,,,,,,,,,,,,group_rankings,Q5,Uso poblacional,,anthropic_usage_pct,,,,,,42.0,,,,bottom_laggard,,,,,,0.0593,anthropic_usage_pct,observed_or_score,1.0,0.023809523809523808,42.0,False,True,False,ubicado en el tramo inferior de la muestra,High income,income,35.0,0.02857142857142857,35.0,False,True,22.1779,0.41109999999999997,-0.21270000000000003,peor de su grupo,,,,,,,,,,,,,,,,,,,,,,
URY,Uruguay,Latin America & Caribbean ,High income,,,,,,,,,,,,,,,,,,,,,,,,,group_rankings,Q5,Uso poblacional,,oxford_ind_adoption_emerging_tech,,,,,,35.0,,,,low_performer,,,,,,51.47,oxford_ind_adoption_emerging_tech,observed_or_score,9.0,0.20930232558139536,43.0,False,False,False,desempeño bajo relativo,High income,income,30.0,0.17142857142857143,35.0,False,False,48.53,23.120000000000005,-10.079999999999998,,,,,,,,,,,,,,,,,,,,,,,
URY,Uruguay,Latin America & Caribbean ,High income,,,,,,,,,,,,,,,,,,,,,,,,,group_rankings,Q6,Sector público,,oecd_2_indigo_oecd_indigo_score,,,,,,36.0,,,,bottom_laggard,,,,,,0.0712803825736046,oecd_2_indigo_oecd_indigo_score,observed_or_score,8.0,0.18604651162790697,43.0,False,False,False,ubicado en el tramo inferior de la muestra,High income,income,33.0,0.08571428571428572,35.0,False,False,0.06824900954961781,0.041971728205680806,-0.011779516935348497,,,,,,,,,,,,,,,,,,,,,,,
URY,Uruguay,Latin America & Caribbean ,High income,,,,,,,,,,,,,,,,,,,,,,,,,group_rankings,Q6,Sector público,,oecd_4_digital_gov_oecd_digital_gov_overall,,,,,,,,,,not_ranked_missing,,,,,,,oecd_4_digital_gov_oecd_digital_gov_overall,observed_or_score,,,31.0,False,False,True,sin dato suficiente para ranking,High income,income,,,26.0,False,False,,,,,,,,,,,,,,,,,,,,,,,,,,
URY,Uruguay,Latin America & Caribbean ,High income,,,,,,,,,,,,,,,,,,,,,,,,,group_rankings,Q6,Sector público,,oxford_e_government_delivery,,,,,,22.0,,,,middle_performer,,,,,,88.58,oxford_e_government_delivery,observed_or_score,22.0,0.5116279069767442,43.0,False,False,False,desempeño intermedio relativo,High income,income,20.0,0.45714285714285713,35.0,False,False,11.400000000000006,0.6599999999999966,-7.950000000000003,,,,,,,,,,,,,,,,,,,,,,,
URY,Uruguay,Latin America & Caribbean ,High income,,,,,,,,,,,,,,,,,,,,,,,,,group_rankings,Q6,Sector público,,oxford_governance_ethics,,,,,,40.0,,,,bottom_laggard,,,,,,69.22651663,oxford_governance_ethics,observed_or_score,4.0,0.09302325581395349,43.0,False,True,False,ubicado en el tramo inferior de la muestra,High income,income,33.0,0.08571428571428572,35.0,False,False,28.150325249999995,21.91154046999999,-14.618163839999994,,,,,,,,,,,,,,,,,,,,,,,
URY,Uruguay,Latin America & Caribbean ,High income,,,,,,,,,,,,,,,,,,,,,,,,,group_rankings,Q6,Sector público,,oxford_government_digital_policy,,,,,,14.0,,,,middle_performer,,,,,,77.85,oxford_government_digital_policy,observed_or_score,30.0,0.6976744186046512,43.0,False,False,False,desempeño intermedio relativo,High income,income,12.0,0.6857142857142857,35.0,False,False,21.53,-7.309999999999988,32.849999999999994,,,,,,,,,,,,,,,,,,,,,,,
URY,Uruguay,Latin America & Caribbean ,High income,,,,,,,,,,,,,,,,,,,,,,,,,group_rankings,Q6,Sector público,,oxford_ind_data_governance,,,,,,16.0,,,,low_performer,,,,,,50.0,oxford_ind_data_governance,observed_or_score,3.0,0.36046511627906974,43.0,False,True,False,desempeño bajo relativo,High income,income,16.0,0.3142857142857143,35.0,False,False,50.0,0.0,0.0,,,,,,,,,,,,,,,,,,,,,,,
URY,Uruguay,Latin America & Caribbean ,High income,,,,,,,,,,,,,,,,,,,,,,,,,group_rankings,Q6,Sector público,,oxford_public_sector_adoption,,,,,,11.0,,,,high_performer,,,,,,83.22,oxford_public_sector_adoption,observed_or_score,33.0,0.7674418604651163,43.0,False,False,False,desempeño alto relativo,High income,income,9.0,0.7714285714285715,35.0,False,False,16.409999999999997,-5.010000000000005,12.459999999999994,,,,,,,,,,,,,,,,,,,,,,,
URY,Uruguay,Latin America & Caribbean ,High income,,,,,,,,,,,,,,,,,,,,,,,,,group_rankings,Q1,Inversión,,oxford_ind_ai_unicorns_log,,,,,,13.0,,,,low_performer,,,,,,0.0,oxford_ind_ai_unicorns_log,observed_or_score,1.0,0.37209302325581395,43.0,False,True,False,desempeño bajo relativo,Latin America & Caribbean ,region,3.0,0.4375,8.0,False,False,16.99916163,0.0,-16.99916163,,,,,,,,,,,,,,,,,,,,,,,
URY,Uruguay,Latin America & Caribbean ,High income,,,,,,,,,,,,,,,,,,,,,,,,,group_rankings,Q1,Inversión,,oxford_ind_company_investment_emerging_tech,,,,,,40.0,,,,bottom_laggard,,,,,,27.0,oxford_ind_company_investment_emerging_tech,observed_or_score,4.0,0.09302325581395349,43.0,False,True,False,ubicado en el tramo inferior de la muestra,Latin America & Caribbean ,region,7.0,0.25,8.0,False,False,21.25,11.625,-11.5,,,,,,,,,,,,,,,,,,,,,,,
URY,Uruguay,Latin America & Caribbean ,High income,,,,,,,,,,,,,,,,,,,,,,,,,group_rankings,Q1,Inversión,,oxford_ind_vc_availability,,,,,,30.0,,,,low_performer,,,,,,8.0,oxford_ind_vc_availability,observed_or_score,11.0,0.29069767441860467,43.0,False,False,False,desempeño bajo relativo,Latin America & Caribbean ,region,3.0,0.6875,8.0,False,False,4.0,-1.5,-1.0,,,,,,,,,,,,,,,,,,,,,,,
URY,Uruguay,Latin America & Caribbean ,High income,,,,,,,,,,,,,,,,,,,,,,,,,group_rankings,Q1,Inversión,,wipo_c_vencapdeal_score,,,,,,30.0,,,,low_performer,,,,,,4.24955873945845,wipo_c_vencapdeal_score,observed_or_score,11.0,0.275,40.0,False,False,False,desempeño bajo relativo,Latin America & Caribbean ,region,2.0,0.8571428571428571,7.0,False,False,3.4887190356032693,-1.0482701690062606,0.3010438549533103,,,,,,,,,,,,,,,,,,,,,,,
URY,Uruguay,Latin America & Caribbean ,High income,,,,,,,,,,,,,,,,,,,,,,,,,group_rankings,Q2,Adopción,,anthropic_usage_pct,,,,,,42.0,,,,bottom_laggard,,,,,,0.0593,anthropic_usage_pct,observed_or_score,1.0,0.023809523809523808,42.0,False,True,False,ubicado en el tramo inferior de la muestra,Latin America & Caribbean ,region,8.0,0.125,8.0,False,True,2.4955000000000003,0.35764999999999997,-0.21270000000000003,peor de su grupo,,,,,,,,,,,,,,,,,,,,,,
URY,Uruguay,Latin America & Caribbean ,High income,,,,,,,,,,,,,,,,,,,,,,,,,group_rankings,Q2,Adopción,,ms_h2_2025_ai_diffusion_pct,,,,,,31.0,,,,low_performer,,,,,,22.5,ms_h2_2025_ai_diffusion_pct,observed_or_score,12.0,0.2857142857142857,42.0,False,False,False,desempeño bajo relativo,Latin America & Caribbean ,region,2.0,0.875,8.0,False,False,4.0,-2.299999999999997,1.6999999999999993,,,,,,,,,,,,,,,,,,,,,,,
URY,Uruguay,Latin America & Caribbean ,High income,,,,,,,,,,,,,,,,,,,,,,,,,group_rankings,Q2,Adopción,,oecd_5_ict_business_oecd_biz_ai_pct,,,,,,,,,,not_ranked_missing,,,,,,,oecd_5_ict_business_oecd_biz_ai_pct,observed_or_score,,,31.0,False,False,True,sin dato suficiente para ranking,Latin America & Caribbean ,region,,,2.0,False,False,,,,,,,,,,,,,,,,,,,,,,,,,,
URY,Uruguay,Latin America & Caribbean ,High income,,,,,,,,,,,,,,,,,,,,,,,,,group_rankings,Q2,Adopción,,oxford_ind_adoption_emerging_tech,,,,,,35.0,,,,low_performer,,,,,,51.47,oxford_ind_adoption_emerging_tech,observed_or_score,9.0,0.20930232558139536,43.0,False,False,False,desempeño bajo relativo,Latin America & Caribbean ,region,6.0,0.375,8.0,False,False,10.079999999999998,2.094999999999999,-10.079999999999998,,,,,,,,,,,,,,,,,,,,,,,
URY,Uruguay,Latin America & Caribbean ,High income,,,,,,,,,,,,,,,,,,,,,,,,,group_rankings,Q2,Adopción,,oxford_public_sector_adoption,,,,,,11.0,,,,high_performer,,,,,,83.22,oxford_public_sector_adoption,observed_or_score,33.0,0.7674418604651163,43.0,False,False,False,desempeño alto relativo,Latin America & Caribbean ,region,3.0,0.75,8.0,False,False,11.560000000000002,-12.310000000000002,12.459999999999994,,,,,,,,,,,,,,,,,,,,,,,
URY,Uruguay,Latin America & Caribbean ,High income,,,,,,,,,,,,,,,,,,,,,,,,,group_rankings,Q3,Innovación,,oxford_total_score,,,,,,35.0,,,,low_performer,,,,,,58.47,oxford_total_score,observed_or_score,9.0,0.20930232558139536,43.0,False,False,False,desempeño bajo relativo,Latin America & Caribbean ,region,3.0,0.75,8.0,False,False,11.079999999999998,-1.0849999999999937,-0.8299999999999983,,,,,,,,,,,,,,,,,,,,,,,
URY,Uruguay,Latin America & Caribbean ,High income,,,,,,,,,,,,,,,,,,,,,,,,,group_rankings,Q3,Innovación,,wipo_out_score,,,,,,41.0,,,,bottom_laggard,,,,,,19.2946369960216,wipo_out_score,observed_or_score,2.0,0.047619047619047616,42.0,False,True,False,ubicado en el tramo inferior de la muestra,Latin America & Caribbean ,region,7.0,0.25,8.0,False,False,8.601301583416497,2.142055166076549,-3.5834478480618976,,,,,,,,,,,,,,,,,,,,,,,
URY,Uruguay,Latin America & Caribbean ,High income,,,,,,,,,,,,,,,,,,,,,,,,,group_rankings,Q5,Uso poblacional,,anthropic_collaboration_pct,,,,,,38.0,,,,bottom_laggard,,,,,,16.66666666666666,anthropic_collaboration_pct,observed_or_score,1.0,0.07142857142857142,42.0,False,True,False,ubicado en el tramo inferior de la muestra,Latin America & Caribbean ,region,7.0,0.1875,8.0,False,False,1.0658141036401503e-14,1.0658141036401503e-14,-1.0658141036401503e-14,,,,,,,,,,,,,,,,,,,,,,,
URY,Uruguay,Latin America & Caribbean ,High income,,,,,,,,,,,,,,,,,,,,,,,,,group_rankings,Q5,Uso poblacional,,anthropic_usage_pct,,,,,,42.0,,,,bottom_laggard,,,,,,0.0593,anthropic_usage_pct,observed_or_score,1.0,0.023809523809523808,42.0,False,True,False,ubicado en el tramo inferior de la muestra,Latin America & Caribbean ,region,8.0,0.125,8.0,False,True,2.4955000000000003,0.35764999999999997,-0.21270000000000003,peor de su grupo,,,,,,,,,,,,,,,,,,,,,,
URY,Uruguay,Latin America & Caribbean ,High income,,,,,,,,,,,,,,,,,,,,,,,,,group_rankings,Q5,Uso poblacional,,oxford_ind_adoption_emerging_tech,,,,,,35.0,,,,low_performer,,,,,,51.47,oxford_ind_adoption_emerging_tech,observed_or_score,9.0,0.20930232558139536,43.0,False,False,False,desempeño bajo relativo,Latin America & Caribbean ,region,6.0,0.375,8.0,False,False,10.079999999999998,2.094999999999999,-10.079999999999998,,,,,,,,,,,,,,,,,,,,,,,
URY,Uruguay,Latin America & Caribbean ,High income,,,,,,,,,,,,,,,,,,,,,,,,,group_rankings,Q6,Sector público,,oecd_2_indigo_oecd_indigo_score,,,,,,36.0,,,,bottom_laggard,,,,,,0.0712803825736046,oecd_2_indigo_oecd_indigo_score,observed_or_score,8.0,0.18604651162790697,43.0,False,False,False,ubicado en el tramo inferior de la muestra,Latin America & Caribbean ,region,6.0,0.375,8.0,False,False,0.053810767829418196,0.012311819940805394,-0.011779516935348497,,,,,,,,,,,,,,,,,,,,,,,
URY,Uruguay,Latin America & Caribbean ,High income,,,,,,,,,,,,,,,,,,,,,,,,,group_rankings,Q6,Sector público,,oecd_4_digital_gov_oecd_digital_gov_overall,,,,,,,,,,not_ranked_missing,,,,,,,oecd_4_digital_gov_oecd_digital_gov_overall,observed_or_score,,,31.0,False,False,True,sin dato suficiente para ranking,Latin America & Caribbean ,region,,,7.0,False,False,,,,,,,,,,,,,,,,,,,,,,,,,,
URY,Uruguay,Latin America & Caribbean ,High income,,,,,,,,,,,,,,,,,,,,,,,,,group_rankings,Q6,Sector público,,oxford_e_government_delivery,,,,,,22.0,,,,middle_performer,,,,,,88.58,oxford_e_government_delivery,observed_or_score,22.0,0.5116279069767442,43.0,False,False,False,desempeño intermedio relativo,Latin America & Caribbean ,region,4.0,0.625,8.0,False,False,9.079999999999998,-1.0849999999999937,-7.950000000000003,,,,,,,,,,,,,,,,,,,,,,,
URY,Uruguay,Latin America & Caribbean ,High income,,,,,,,,,,,,,,,,,,,,,,,,,group_rankings,Q6,Sector público,,oxford_governance_ethics,,,,,,40.0,,,,bottom_laggard,,,,,,69.22651663,oxford_governance_ethics,observed_or_score,4.0,0.09302325581395349,43.0,False,True,False,ubicado en el tramo inferior de la muestra,Latin America & Caribbean ,region,8.0,0.125,8.0,False,True,14.618163839999994,8.154148809999995,-14.618163839999994,peor de su grupo,,,,,,,,,,,,,,,,,,,,,,
URY,Uruguay,Latin America & Caribbean ,High income,,,,,,,,,,,,,,,,,,,,,,,,,group_rankings,Q6,Sector público,,oxford_government_digital_policy,,,,,,14.0,,,,middle_performer,,,,,,77.85,oxford_government_digital_policy,observed_or_score,30.0,0.6976744186046512,43.0,False,False,False,desempeño intermedio relativo,Latin America & Caribbean ,region,3.0,0.75,8.0,False,False,14.060000000000002,-21.94999999999999,32.849999999999994,,,,,,,,,,,,,,,,,,,,,,,
URY,Uruguay,Latin America & Caribbean ,High income,,,,,,,,,,,,,,,,,,,,,,,,,group_rankings,Q6,Sector público,,oxford_ind_data_governance,,,,,,16.0,,,,low_performer,,,,,,50.0,oxford_ind_data_governance,observed_or_score,3.0,0.36046511627906974,43.0,False,True,False,desempeño bajo relativo,Latin America & Caribbean ,region,1.0,0.625,8.0,True,False,0.0,0.0,0.0,mejor de su grupo,,,,,,,,,,,,,,,,,,,,,,
URY,Uruguay,Latin America & Caribbean ,High income,,,,,,,,,,,,,,,,,,,,,,,,,group_rankings,Q6,Sector público,,oxford_public_sector_adoption,,,,,,11.0,,,,high_performer,,,,,,83.22,oxford_public_sector_adoption,observed_or_score,33.0,0.7674418604651163,43.0,False,False,False,desempeño alto relativo,Latin America & Caribbean ,region,3.0,0.75,8.0,False,False,11.560000000000002,-12.310000000000002,12.459999999999994,,,,,,,,,,,,,,,,,,,,,,,
URY,Uruguay,Latin America & Caribbean ,High income,,,,,,,,,,,,,,,,,,,,,,,,,group_rankings,Q1,Inversión,,oxford_ind_ai_unicorns_log,,,,,,13.0,,,,low_performer,,,,,,0.0,oxford_ind_ai_unicorns_log,observed_or_score,1.0,0.37209302325581395,43.0,False,True,False,desempeño bajo relativo,chile_latam_peers,custom,2.0,0.5,7.0,False,False,16.99916163,0.0,,,,,,,,,,,,,,,,,,,,,,,,
URY,Uruguay,Latin America & Caribbean ,High income,,,,,,,,,,,,,,,,,,,,,,,,,group_rankings,Q1,Inversión,,oxford_ind_company_investment_emerging_tech,,,,,,40.0,,,,bottom_laggard,,,,,,27.0,oxford_ind_company_investment_emerging_tech,observed_or_score,4.0,0.09302325581395349,43.0,False,True,False,ubicado en el tramo inferior de la muestra,chile_latam_peers,custom,6.0,0.2857142857142857,7.0,False,False,21.25,11.75,,,,,,,,,,,,,,,,,,,,,,,,
URY,Uruguay,Latin America & Caribbean ,High income,,,,,,,,,,,,,,,,,,,,,,,,,group_rankings,Q1,Inversión,,oxford_ind_vc_availability,,,,,,30.0,,,,low_performer,,,,,,8.0,oxford_ind_vc_availability,observed_or_score,11.0,0.29069767441860467,43.0,False,False,False,desempeño bajo relativo,chile_latam_peers,custom,2.0,0.7857142857142857,7.0,False,False,4.0,-3.0,,,,,,,,,,,,,,,,,,,,,,,,
URY,Uruguay,Latin America & Caribbean ,High income,,,,,,,,,,,,,,,,,,,,,,,,,group_rankings,Q1,Inversión,,wipo_c_vencapdeal_score,,,,,,30.0,,,,low_performer,,,,,,4.24955873945845,wipo_c_vencapdeal_score,observed_or_score,11.0,0.275,40.0,False,False,False,desempeño bajo relativo,chile_latam_peers,custom,2.0,0.8333333333333334,6.0,False,False,3.4887190356032693,-1.6115297381168308,,,,,,,,,,,,,,,,,,,,,,,,
URY,Uruguay,Latin America & Caribbean ,High income,,,,,,,,,,,,,,,,,,,,,,,,,group_rankings,Q2,Adopción,,anthropic_usage_pct,,,,,,42.0,,,,bottom_laggard,,,,,,0.0593,anthropic_usage_pct,observed_or_score,1.0,0.023809523809523808,42.0,False,True,False,ubicado en el tramo inferior de la muestra,chile_latam_peers,custom,7.0,0.14285714285714285,7.0,False,True,2.4955000000000003,0.4392,,peor de su grupo,,,,,,,,,,,,,,,,,,,,,,
URY,Uruguay,Latin America & Caribbean ,High income,,,,,,,,,,,,,,,,,,,,,,,,,group_rankings,Q2,Adopción,,ms_h2_2025_ai_diffusion_pct,,,,,,31.0,,,,low_performer,,,,,,22.5,ms_h2_2025_ai_diffusion_pct,observed_or_score,12.0,0.2857142857142857,42.0,False,False,False,desempeño bajo relativo,chile_latam_peers,custom,2.0,0.8571428571428571,7.0,False,False,4.0,-2.8999999999999986,,,,,,,,,,,,,,,,,,,,,,,,
URY,Uruguay,Latin America & Caribbean ,High income,,,,,,,,,,,,,,,,,,,,,,,,,group_rankings,Q2,Adopción,,oecd_5_ict_business_oecd_biz_ai_pct,,,,,,,,,,not_ranked_missing,,,,,,,oecd_5_ict_business_oecd_biz_ai_pct,observed_or_score,,,31.0,False,False,True,sin dato suficiente para ranking,chile_latam_peers,custom,,,2.0,False,False,,,,,,,,,,,,,,,,,,,,,,,,,,
URY,Uruguay,Latin America & Caribbean ,High income,,,,,,,,,,,,,,,,,,,,,,,,,group_rankings,Q2,Adopción,,oxford_ind_adoption_emerging_tech,,,,,,35.0,,,,low_performer,,,,,,51.47,oxford_ind_adoption_emerging_tech,observed_or_score,9.0,0.20930232558139536,43.0,False,False,False,desempeño bajo relativo,chile_latam_peers,custom,5.0,0.42857142857142855,7.0,False,False,6.289999999999999,0.5,,,,,,,,,,,,,,,,,,,,,,,,
URY,Uruguay,Latin America & Caribbean ,High income,,,,,,,,,,,,,,,,,,,,,,,,,group_rankings,Q2,Adopción,,oxford_public_sector_adoption,,,,,,11.0,,,,high_performer,,,,,,83.22,oxford_public_sector_adoption,observed_or_score,33.0,0.7674418604651163,43.0,False,False,False,desempeño alto relativo,chile_latam_peers,custom,3.0,0.7142857142857143,7.0,False,False,11.560000000000002,-12.159999999999997,,,,,,,,,,,,,,,,,,,,,,,,
URY,Uruguay,Latin America & Caribbean ,High income,,,,,,,,,,,,,,,,,,,,,,,,,group_rankings,Q3,Innovación,,oxford_total_score,,,,,,35.0,,,,low_performer,,,,,,58.47,oxford_total_score,observed_or_score,9.0,0.20930232558139536,43.0,False,False,False,desempeño bajo relativo,chile_latam_peers,custom,2.0,0.8571428571428571,7.0,False,False,11.079999999999998,-1.9499999999999957,,,,,,,,,,,,,,,,,,,,,,,,
URY,Uruguay,Latin America & Caribbean ,High income,,,,,,,,,,,,,,,,,,,,,,,,,group_rankings,Q3,Innovación,,wipo_out_score,,,,,,41.0,,,,bottom_laggard,,,,,,19.2946369960216,wipo_out_score,observed_or_score,2.0,0.047619047619047616,42.0,False,True,False,ubicado en el tramo inferior de la muestra,chile_latam_peers,custom,6.0,0.2857142857142857,7.0,False,False,8.601301583416497,1.1511535626879983,,,,,,,,,,,,,,,,,,,,,,,,
URY,Uruguay,Latin America & Caribbean ,High income,,,,,,,,,,,,,,,,,,,,,,,,,group_rankings,Q5,Uso poblacional,,anthropic_collaboration_pct,,,,,,38.0,,,,bottom_laggard,,,,,,16.66666666666666,anthropic_collaboration_pct,observed_or_score,1.0,0.07142857142857142,42.0,False,True,False,ubicado en el tramo inferior de la muestra,chile_latam_peers,custom,6.0,0.21428571428571427,7.0,False,False,1.0658141036401503e-14,1.0658141036401503e-14,,,,,,,,,,,,,,,,,,,,,,,,
URY,Uruguay,Latin America & Caribbean ,High income,,,,,,,,,,,,,,,,,,,,,,,,,group_rankings,Q5,Uso poblacional,,anthropic_usage_pct,,,,,,42.0,,,,bottom_laggard,,,,,,0.0593,anthropic_usage_pct,observed_or_score,1.0,0.023809523809523808,42.0,False,True,False,ubicado en el tramo inferior de la muestra,chile_latam_peers,custom,7.0,0.14285714285714285,7.0,False,True,2.4955000000000003,0.4392,,peor de su grupo,,,,,,,,,,,,,,,,,,,,,,
URY,Uruguay,Latin America & Caribbean ,High income,,,,,,,,,,,,,,,,,,,,,,,,,group_rankings,Q5,Uso poblacional,,oxford_ind_adoption_emerging_tech,,,,,,35.0,,,,low_performer,,,,,,51.47,oxford_ind_adoption_emerging_tech,observed_or_score,9.0,0.20930232558139536,43.0,False,False,False,desempeño bajo relativo,chile_latam_peers,custom,5.0,0.42857142857142855,7.0,False,False,6.289999999999999,0.5,,,,,,,,,,,,,,,,,,,,,,,,
URY,Uruguay,Latin America & Caribbean ,High income,,,,,,,,,,,,,,,,,,,,,,,,,group_rankings,Q6,Sector público,,oecd_2_indigo_oecd_indigo_score,,,,,,36.0,,,,bottom_laggard,,,,,,0.0712803825736046,oecd_2_indigo_oecd_indigo_score,observed_or_score,8.0,0.18604651162790697,43.0,False,False,False,ubicado en el tramo inferior de la muestra,chile_latam_peers,custom,5.0,0.42857142857142855,7.0,False,False,0.053810767829418196,0.012844122946262304,,,,,,,,,,,,,,,,,,,,,,,,
URY,Uruguay,Latin America & Caribbean ,High income,,,,,,,,,,,,,,,,,,,,,,,,,group_rankings,Q6,Sector público,,oecd_4_digital_gov_oecd_digital_gov_overall,,,,,,,,,,not_ranked_missing,,,,,,,oecd_4_digital_gov_oecd_digital_gov_overall,observed_or_score,,,31.0,False,False,True,sin dato suficiente para ranking,chile_latam_peers,custom,,,6.0,False,False,,,,,,,,,,,,,,,,,,,,,,,,,,
URY,Uruguay,Latin America & Caribbean ,High income,,,,,,,,,,,,,,,,,,,,,,,,,group_rankings,Q6,Sector público,,oxford_e_government_delivery,,,,,,22.0,,,,middle_performer,,,,,,88.58,oxford_e_government_delivery,observed_or_score,22.0,0.5116279069767442,43.0,False,False,False,desempeño intermedio relativo,chile_latam_peers,custom,3.0,0.7142857142857143,7.0,False,False,9.079999999999998,-2.1700000000000017,,,,,,,,,,,,,,,,,,,,,,,,
URY,Uruguay,Latin America & Caribbean ,High income,,,,,,,,,,,,,,,,,,,,,,,,,group_rankings,Q6,Sector público,,oxford_governance_ethics,,,,,,40.0,,,,bottom_laggard,,,,,,69.22651663,oxford_governance_ethics,observed_or_score,4.0,0.09302325581395349,43.0,False,True,False,ubicado en el tramo inferior de la muestra,chile_latam_peers,custom,7.0,0.14285714285714285,7.0,False,True,14.254790149999991,6.9026578,,peor de su grupo,,,,,,,,,,,,,,,,,,,,,,
URY,Uruguay,Latin America & Caribbean ,High income,,,,,,,,,,,,,,,,,,,,,,,,,group_rankings,Q6,Sector público,,oxford_government_digital_policy,,,,,,14.0,,,,middle_performer,,,,,,77.85,oxford_government_digital_policy,observed_or_score,30.0,0.6976744186046512,43.0,False,False,False,desempeño intermedio relativo,chile_latam_peers,custom,3.0,0.7142857142857143,7.0,False,False,14.060000000000002,-21.75999999999999,,,,,,,,,,,,,,,,,,,,,,,,
URY,Uruguay,Latin America & Caribbean ,High income,,,,,,,,,,,,,,,,,,,,,,,,,group_rankings,Q6,Sector público,,oxford_ind_data_governance,,,,,,16.0,,,,low_performer,,,,,,50.0,oxford_ind_data_governance,observed_or_score,3.0,0.36046511627906974,43.0,False,True,False,desempeño bajo relativo,chile_latam_peers,custom,1.0,0.6428571428571429,7.0,True,False,0.0,0.0,,mejor de su grupo,,,,,,,,,,,,,,,,,,,,,,
URY,Uruguay,Latin America & Caribbean ,High income,,,,,,,,,,,,,,,,,,,,,,,,,group_rankings,Q6,Sector público,,oxford_public_sector_adoption,,,,,,11.0,,,,high_performer,,,,,,83.22,oxford_public_sector_adoption,observed_or_score,33.0,0.7674418604651163,43.0,False,False,False,desempeño alto relativo,chile_latam_peers,custom,3.0,0.7142857142857143,7.0,False,False,11.560000000000002,-12.159999999999997,,,,,,,,,,,,,,,,,,,,,,,,
URY,Uruguay,Latin America & Caribbean ,High income,,,,,,,,,,,,,,,,,,,,,,,,,group_rankings,Q1,Inversión,,oxford_ind_ai_unicorns_log,,,,,,13.0,,,,low_performer,,,,,,0.0,oxford_ind_ai_unicorns_log,observed_or_score,1.0,0.37209302325581395,43.0,False,True,False,desempeño bajo relativo,chile_priority_benchmarks,custom,4.0,0.35714285714285715,7.0,False,False,26.94303373,0.0,,,,,,,,,,,,,,,,,,,,,,,,
URY,Uruguay,Latin America & Caribbean ,High income,,,,,,,,,,,,,,,,,,,,,,,,,group_rankings,Q1,Inversión,,oxford_ind_company_investment_emerging_tech,,,,,,40.0,,,,bottom_laggard,,,,,,27.0,oxford_ind_company_investment_emerging_tech,observed_or_score,4.0,0.09302325581395349,43.0,False,True,False,ubicado en el tramo inferior de la muestra,chile_priority_benchmarks,custom,7.0,0.14285714285714285,7.0,False,True,52.5,32.5,,peor de su grupo,,,,,,,,,,,,,,,,,,,,,,
URY,Uruguay,Latin America & Caribbean ,High income,,,,,,,,,,,,,,,,,,,,,,,,,group_rankings,Q1,Inversión,,oxford_ind_vc_availability,,,,,,30.0,,,,low_performer,,,,,,8.0,oxford_ind_vc_availability,observed_or_score,11.0,0.29069767441860467,43.0,False,False,False,desempeño bajo relativo,chile_priority_benchmarks,custom,6.0,0.21428571428571427,7.0,False,False,92.0,17.0,,,,,,,,,,,,,,,,,,,,,,,,
URY,Uruguay,Latin America & Caribbean ,High income,,,,,,,,,,,,,,,,,,,,,,,,,group_rankings,Q1,Inversión,,wipo_c_vencapdeal_score,,,,,,30.0,,,,low_performer,,,,,,4.24955873945845,wipo_c_vencapdeal_score,observed_or_score,11.0,0.275,40.0,False,False,False,desempeño bajo relativo,chile_priority_benchmarks,custom,7.0,0.14285714285714285,7.0,False,True,95.75044126054155,26.13919321026885,,peor de su grupo,,,,,,,,,,,,,,,,,,,,,,
URY,Uruguay,Latin America & Caribbean ,High income,,,,,,,,,,,,,,,,,,,,,,,,,group_rankings,Q2,Adopción,,anthropic_usage_pct,,,,,,42.0,,,,bottom_laggard,,,,,,0.0593,anthropic_usage_pct,observed_or_score,1.0,0.023809523809523808,42.0,False,True,False,ubicado en el tramo inferior de la muestra,chile_priority_benchmarks,custom,7.0,0.14285714285714285,7.0,False,True,2.8482000000000003,0.41109999999999997,,peor de su grupo,,,,,,,,,,,,,,,,,,,,,,
URY,Uruguay,Latin America & Caribbean ,High income,,,,,,,,,,,,,,,,,,,,,,,,,group_rankings,Q2,Adopción,,ms_h2_2025_ai_diffusion_pct,,,,,,31.0,,,,low_performer,,,,,,22.5,ms_h2_2025_ai_diffusion_pct,observed_or_score,12.0,0.2857142857142857,42.0,False,False,False,desempeño bajo relativo,chile_priority_benchmarks,custom,5.0,0.3333333333333333,6.0,False,False,41.5,15.149999999999999,,,,,,,,,,,,,,,,,,,,,,,,
URY,Uruguay,Latin America & Caribbean ,High income,,,,,,,,,,,,,,,,,,,,,,,,,group_rankings,Q2,Adopción,,oecd_5_ict_business_oecd_biz_ai_pct,,,,,,,,,,not_ranked_missing,,,,,,,oecd_5_ict_business_oecd_biz_ai_pct,observed_or_score,,,31.0,False,False,True,sin dato suficiente para ranking,chile_priority_benchmarks,custom,,,4.0,False,False,,,,,,,,,,,,,,,,,,,,,,,,,,
URY,Uruguay,Latin America & Caribbean ,High income,,,,,,,,,,,,,,,,,,,,,,,,,group_rankings,Q2,Adopción,,oxford_ind_adoption_emerging_tech,,,,,,35.0,,,,low_performer,,,,,,51.47,oxford_ind_adoption_emerging_tech,observed_or_score,9.0,0.20930232558139536,43.0,False,False,False,desempeño bajo relativo,chile_priority_benchmarks,custom,7.0,0.14285714285714285,7.0,False,True,37.07000000000001,21.72,,peor de su grupo,,,,,,,,,,,,,,,,,,,,,,
URY,Uruguay,Latin America & Caribbean ,High income,,,,,,,,,,,,,,,,,,,,,,,,,group_rankings,Q2,Adopción,,oxford_public_sector_adoption,,,,,,11.0,,,,high_performer,,,,,,83.22,oxford_public_sector_adoption,observed_or_score,33.0,0.7674418604651163,43.0,False,False,False,desempeño alto relativo,chile_priority_benchmarks,custom,5.0,0.42857142857142855,7.0,False,False,16.409999999999997,9.280000000000001,,,,,,,,,,,,,,,,,,,,,,,,
URY,Uruguay,Latin America & Caribbean ,High income,,,,,,,,,,,,,,,,,,,,,,,,,group_rankings,Q3,Innovación,,oxford_total_score,,,,,,35.0,,,,low_performer,,,,,,58.47,oxford_total_score,observed_or_score,9.0,0.20930232558139536,43.0,False,False,False,desempeño bajo relativo,chile_priority_benchmarks,custom,7.0,0.14285714285714285,7.0,False,True,18.42,11.39,,peor de su grupo,,,,,,,,,,,,,,,,,,,,,,
URY,Uruguay,Latin America & Caribbean ,High income,,,,,,,,,,,,,,,,,,,,,,,,,group_rankings,Q3,Innovación,,wipo_out_score,,,,,,41.0,,,,bottom_laggard,,,,,,19.2946369960216,wipo_out_score,observed_or_score,2.0,0.047619047619047616,42.0,False,True,False,ubicado en el tramo inferior de la muestra,chile_priority_benchmarks,custom,7.0,0.14285714285714285,7.0,False,True,35.455324415925595,24.3872309465512,,peor de su grupo,,,,,,,,,,,,,,,,,,,,,,
URY,Uruguay,Latin America & Caribbean ,High income,,,,,,,,,,,,,,,,,,,,,,,,,group_rankings,Q5,Uso poblacional,,anthropic_collaboration_pct,,,,,,38.0,,,,bottom_laggard,,,,,,16.66666666666666,anthropic_collaboration_pct,observed_or_score,1.0,0.07142857142857142,42.0,False,True,False,ubicado en el tramo inferior de la muestra,chile_priority_benchmarks,custom,6.0,0.21428571428571427,7.0,False,False,1.0658141036401503e-14,1.0658141036401503e-14,,,,,,,,,,,,,,,,,,,,,,,,
URY,Uruguay,Latin America & Caribbean ,High income,,,,,,,,,,,,,,,,,,,,,,,,,group_rankings,Q5,Uso poblacional,,anthropic_usage_pct,,,,,,42.0,,,,bottom_laggard,,,,,,0.0593,anthropic_usage_pct,observed_or_score,1.0,0.023809523809523808,42.0,False,True,False,ubicado en el tramo inferior de la muestra,chile_priority_benchmarks,custom,7.0,0.14285714285714285,7.0,False,True,2.8482000000000003,0.41109999999999997,,peor de su grupo,,,,,,,,,,,,,,,,,,,,,,
URY,Uruguay,Latin America & Caribbean ,High income,,,,,,,,,,,,,,,,,,,,,,,,,group_rankings,Q5,Uso poblacional,,oxford_ind_adoption_emerging_tech,,,,,,35.0,,,,low_performer,,,,,,51.47,oxford_ind_adoption_emerging_tech,observed_or_score,9.0,0.20930232558139536,43.0,False,False,False,desempeño bajo relativo,chile_priority_benchmarks,custom,7.0,0.14285714285714285,7.0,False,True,37.07000000000001,21.72,,peor de su grupo,,,,,,,,,,,,,,,,,,,,,,
URY,Uruguay,Latin America & Caribbean ,High income,,,,,,,,,,,,,,,,,,,,,,,,,group_rankings,Q6,Sector público,,oecd_2_indigo_oecd_indigo_score,,,,,,36.0,,,,bottom_laggard,,,,,,0.0712803825736046,oecd_2_indigo_oecd_indigo_score,observed_or_score,8.0,0.18604651162790697,43.0,False,False,False,ubicado en el tramo inferior de la muestra,chile_priority_benchmarks,custom,5.0,0.42857142857142855,7.0,False,False,0.0539546236395836,0.0009139403700827997,,,,,,,,,,,,,,,,,,,,,,,,
URY,Uruguay,Latin America & Caribbean ,High income,,,,,,,,,,,,,,,,,,,,,,,,,group_rankings,Q6,Sector público,,oecd_4_digital_gov_oecd_digital_gov_overall,,,,,,,,,,not_ranked_missing,,,,,,,oecd_4_digital_gov_oecd_digital_gov_overall,observed_or_score,,,31.0,False,False,True,sin dato suficiente para ranking,chile_priority_benchmarks,custom,,,4.0,False,False,,,,,,,,,,,,,,,,,,,,,,,,,,
URY,Uruguay,Latin America & Caribbean ,High income,,,,,,,,,,,,,,,,,,,,,,,,,group_rankings,Q6,Sector público,,oxford_e_government_delivery,,,,,,22.0,,,,middle_performer,,,,,,88.58,oxford_e_government_delivery,observed_or_score,22.0,0.5116279069767442,43.0,False,False,False,desempeño intermedio relativo,chile_priority_benchmarks,custom,7.0,0.14285714285714285,7.0,False,True,11.299999999999997,8.340000000000003,,peor de su grupo,,,,,,,,,,,,,,,,,,,,,,
URY,Uruguay,Latin America & Caribbean ,High income,,,,,,,,,,,,,,,,,,,,,,,,,group_rankings,Q6,Sector público,,oxford_governance_ethics,,,,,,40.0,,,,bottom_laggard,,,,,,69.22651663,oxford_governance_ethics,observed_or_score,4.0,0.09302325581395349,43.0,False,True,False,ubicado en el tramo inferior de la muestra,chile_priority_benchmarks,custom,7.0,0.14285714285714285,7.0,False,True,24.910578189999995,20.676335019999996,,peor de su grupo,,,,,,,,,,,,,,,,,,,,,,
URY,Uruguay,Latin America & Caribbean ,High income,,,,,,,,,,,,,,,,,,,,,,,,,group_rankings,Q6,Sector público,,oxford_government_digital_policy,,,,,,14.0,,,,middle_performer,,,,,,77.85,oxford_government_digital_policy,observed_or_score,30.0,0.6976744186046512,43.0,False,False,False,desempeño intermedio relativo,chile_priority_benchmarks,custom,5.0,0.42857142857142855,7.0,False,False,21.53,14.060000000000002,,,,,,,,,,,,,,,,,,,,,,,,
URY,Uruguay,Latin America & Caribbean ,High income,,,,,,,,,,,,,,,,,,,,,,,,,group_rankings,Q6,Sector público,,oxford_ind_data_governance,,,,,,16.0,,,,low_performer,,,,,,50.0,oxford_ind_data_governance,observed_or_score,3.0,0.36046511627906974,43.0,False,True,False,desempeño bajo relativo,chile_priority_benchmarks,custom,4.0,0.35714285714285715,7.0,False,False,50.0,0.0,,,,,,,,,,,,,,,,,,,,,,,,
URY,Uruguay,Latin America & Caribbean ,High income,,,,,,,,,,,,,,,,,,,,,,,,,group_rankings,Q6,Sector público,,oxford_public_sector_adoption,,,,,,11.0,,,,high_performer,,,,,,83.22,oxford_public_sector_adoption,observed_or_score,33.0,0.7674418604651163,43.0,False,False,False,desempeño alto relativo,chile_priority_benchmarks,custom,5.0,0.42857142857142855,7.0,False,False,16.409999999999997,9.280000000000001,,,,,,,,,,,,,,,,,,,,,,,,
URY,Uruguay,Latin America & Caribbean ,High income,,,,,,,,,,,,,,,,,,,,,,,,,group_rankings,Q1,Inversión,,oxford_ind_ai_unicorns_log,,,,,,13.0,,,,low_performer,,,,,,0.0,oxford_ind_ai_unicorns_log,observed_or_score,1.0,0.37209302325581395,43.0,False,True,False,desempeño bajo relativo,global_43,global,13.0,0.37209302325581395,43.0,False,False,100.0,0.0,-16.99916163,,,,,,,,,,,,,,,,,,,,,,,
URY,Uruguay,Latin America & Caribbean ,High income,,,,,,,,,,,,,,,,,,,,,,,,,group_rankings,Q1,Inversión,,oxford_ind_company_investment_emerging_tech,,,,,,40.0,,,,bottom_laggard,,,,,,27.0,oxford_ind_company_investment_emerging_tech,observed_or_score,4.0,0.09302325581395349,43.0,False,True,False,ubicado en el tramo inferior de la muestra,global_43,global,40.0,0.09302325581395349,43.0,False,False,73.0,37.25,-11.5,,,,,,,,,,,,,,,,,,,,,,,
URY,Uruguay,Latin America & Caribbean ,High income,,,,,,,,,,,,,,,,,,,,,,,,,group_rankings,Q1,Inversión,,oxford_ind_vc_availability,,,,,,30.0,,,,low_performer,,,,,,8.0,oxford_ind_vc_availability,observed_or_score,11.0,0.29069767441860467,43.0,False,False,False,desempeño bajo relativo,global_43,global,30.0,0.29069767441860467,43.0,False,False,92.0,17.0,-1.0,,,,,,,,,,,,,,,,,,,,,,,
URY,Uruguay,Latin America & Caribbean ,High income,,,,,,,,,,,,,,,,,,,,,,,,,group_rankings,Q1,Inversión,,wipo_c_vencapdeal_score,,,,,,30.0,,,,low_performer,,,,,,4.24955873945845,wipo_c_vencapdeal_score,observed_or_score,11.0,0.275,40.0,False,False,False,desempeño bajo relativo,global_43,global,30.0,0.275,40.0,False,False,95.75044126054155,12.743912069355648,0.3010438549533103,,,,,,,,,,,,,,,,,,,,,,,
URY,Uruguay,Latin America & Caribbean ,High income,,,,,,,,,,,,,,,,,,,,,,,,,group_rankings,Q2,Adopción,,anthropic_usage_pct,,,,,,42.0,,,,bottom_laggard,,,,,,0.0593,anthropic_usage_pct,observed_or_score,1.0,0.023809523809523808,42.0,False,True,False,ubicado en el tramo inferior de la muestra,global_43,global,42.0,0.023809523809523808,42.0,False,True,22.1779,0.4341999999999999,-0.21270000000000003,peor de su grupo,,,,,,,,,,,,,,,,,,,,,,
URY,Uruguay,Latin America & Caribbean ,High income,,,,,,,,,,,,,,,,,,,,,,,,,group_rankings,Q2,Adopción,,ms_h2_2025_ai_diffusion_pct,,,,,,31.0,,,,low_performer,,,,,,22.5,ms_h2_2025_ai_diffusion_pct,observed_or_score,12.0,0.2857142857142857,42.0,False,False,False,desempeño bajo relativo,global_43,global,31.0,0.2857142857142857,42.0,False,False,41.5,6.050000000000001,1.6999999999999993,,,,,,,,,,,,,,,,,,,,,,,
URY,Uruguay,Latin America & Caribbean ,High income,,,,,,,,,,,,,,,,,,,,,,,,,group_rankings,Q2,Adopción,,oecd_5_ict_business_oecd_biz_ai_pct,,,,,,,,,,not_ranked_missing,,,,,,,oecd_5_ict_business_oecd_biz_ai_pct,observed_or_score,,,31.0,False,False,True,sin dato suficiente para ranking,global_43,global,,,31.0,False,False,,,,,,,,,,,,,,,,,,,,,,,,,,
URY,Uruguay,Latin America & Caribbean ,High income,,,,,,,,,,,,,,,,,,,,,,,,,group_rankings,Q2,Adopción,,oxford_ind_adoption_emerging_tech,,,,,,35.0,,,,low_performer,,,,,,51.47,oxford_ind_adoption_emerging_tech,observed_or_score,9.0,0.20930232558139536,43.0,False,False,False,desempeño bajo relativo,global_43,global,35.0,0.20930232558139536,43.0,False,False,48.53,19.870000000000005,-10.079999999999998,,,,,,,,,,,,,,,,,,,,,,,
URY,Uruguay,Latin America & Caribbean ,High income,,,,,,,,,,,,,,,,,,,,,,,,,group_rankings,Q2,Adopción,,oxford_public_sector_adoption,,,,,,11.0,,,,high_performer,,,,,,83.22,oxford_public_sector_adoption,observed_or_score,33.0,0.7674418604651163,43.0,False,False,False,desempeño alto relativo,global_43,global,11.0,0.7674418604651163,43.0,False,False,16.409999999999997,-8.379999999999995,12.459999999999994,,,,,,,,,,,,,,,,,,,,,,,
URY,Uruguay,Latin America & Caribbean ,High income,,,,,,,,,,,,,,,,,,,,,,,,,group_rankings,Q3,Innovación,,oxford_total_score,,,,,,35.0,,,,low_performer,,,,,,58.47,oxford_total_score,observed_or_score,9.0,0.20930232558139536,43.0,False,False,False,desempeño bajo relativo,global_43,global,35.0,0.20930232558139536,43.0,False,False,29.89,10.980000000000004,-0.8299999999999983,,,,,,,,,,,,,,,,,,,,,,,
URY,Uruguay,Latin America & Caribbean ,High income,,,,,,,,,,,,,,,,,,,,,,,,,group_rankings,Q3,Innovación,,wipo_out_score,,,,,,41.0,,,,bottom_laggard,,,,,,19.2946369960216,wipo_out_score,observed_or_score,2.0,0.047619047619047616,42.0,False,True,False,ubicado en el tramo inferior de la muestra,global_43,global,41.0,0.047619047619047616,42.0,False,False,45.158095492536994,19.814915099924598,-3.5834478480618976,,,,,,,,,,,,,,,,,,,,,,,
URY,Uruguay,Latin America & Caribbean ,High income,,,,,,,,,,,,,,,,,,,,,,,,,group_rankings,Q5,Uso poblacional,,anthropic_collaboration_pct,,,,,,38.0,,,,bottom_laggard,,,,,,16.66666666666666,anthropic_collaboration_pct,observed_or_score,1.0,0.07142857142857142,42.0,False,True,False,ubicado en el tramo inferior de la muestra,global_43,global,38.0,0.07142857142857142,42.0,False,False,1.0658141036401503e-14,1.0658141036401503e-14,-1.0658141036401503e-14,,,,,,,,,,,,,,,,,,,,,,,
URY,Uruguay,Latin America & Caribbean ,High income,,,,,,,,,,,,,,,,,,,,,,,,,group_rankings,Q5,Uso poblacional,,anthropic_usage_pct,,,,,,42.0,,,,bottom_laggard,,,,,,0.0593,anthropic_usage_pct,observed_or_score,1.0,0.023809523809523808,42.0,False,True,False,ubicado en el tramo inferior de la muestra,global_43,global,42.0,0.023809523809523808,42.0,False,True,22.1779,0.4341999999999999,-0.21270000000000003,peor de su grupo,,,,,,,,,,,,,,,,,,,,,,
URY,Uruguay,Latin America & Caribbean ,High income,,,,,,,,,,,,,,,,,,,,,,,,,group_rankings,Q5,Uso poblacional,,oxford_ind_adoption_emerging_tech,,,,,,35.0,,,,low_performer,,,,,,51.47,oxford_ind_adoption_emerging_tech,observed_or_score,9.0,0.20930232558139536,43.0,False,False,False,desempeño bajo relativo,global_43,global,35.0,0.20930232558139536,43.0,False,False,48.53,19.870000000000005,-10.079999999999998,,,,,,,,,,,,,,,,,,,,,,,
URY,Uruguay,Latin America & Caribbean ,High income,,,,,,,,,,,,,,,,,,,,,,,,,group_rankings,Q6,Sector público,,oecd_2_indigo_oecd_indigo_score,,,,,,36.0,,,,bottom_laggard,,,,,,0.0712803825736046,oecd_2_indigo_oecd_indigo_score,observed_or_score,8.0,0.18604651162790697,43.0,False,False,False,ubicado en el tramo inferior de la muestra,global_43,global,36.0,0.18604651162790697,43.0,False,False,0.06824900954961781,0.0380245596170425,-0.011779516935348497,,,,,,,,,,,,,,,,,,,,,,,
URY,Uruguay,Latin America & Caribbean ,High income,,,,,,,,,,,,,,,,,,,,,,,,,group_rankings,Q6,Sector público,,oecd_4_digital_gov_oecd_digital_gov_overall,,,,,,,,,,not_ranked_missing,,,,,,,oecd_4_digital_gov_oecd_digital_gov_overall,observed_or_score,,,31.0,False,False,True,sin dato suficiente para ranking,global_43,global,,,31.0,False,False,,,,,,,,,,,,,,,,,,,,,,,,,,
URY,Uruguay,Latin America & Caribbean ,High income,,,,,,,,,,,,,,,,,,,,,,,,,group_rankings,Q6,Sector público,,oxford_e_government_delivery,,,,,,22.0,,,,middle_performer,,,,,,88.58,oxford_e_government_delivery,observed_or_score,22.0,0.5116279069767442,43.0,False,False,False,desempeño intermedio relativo,global_43,global,22.0,0.5116279069767442,43.0,False,False,11.400000000000006,0.0,-7.950000000000003,,,,,,,,,,,,,,,,,,,,,,,
URY,Uruguay,Latin America & Caribbean ,High income,,,,,,,,,,,,,,,,,,,,,,,,,group_rankings,Q6,Sector público,,oxford_governance_ethics,,,,,,40.0,,,,bottom_laggard,,,,,,69.22651663,oxford_governance_ethics,observed_or_score,4.0,0.09302325581395349,43.0,False,True,False,ubicado en el tramo inferior de la muestra,global_43,global,40.0,0.09302325581395349,43.0,False,False,28.150325249999995,20.624269319999996,-14.618163839999994,,,,,,,,,,,,,,,,,,,,,,,
URY,Uruguay,Latin America & Caribbean ,High income,,,,,,,,,,,,,,,,,,,,,,,,,group_rankings,Q6,Sector público,,oxford_government_digital_policy,,,,,,14.0,,,,middle_performer,,,,,,77.85,oxford_government_digital_policy,observed_or_score,30.0,0.6976744186046512,43.0,False,False,False,desempeño intermedio relativo,global_43,global,14.0,0.6976744186046512,43.0,False,False,21.53,-7.309999999999988,32.849999999999994,,,,,,,,,,,,,,,,,,,,,,,
URY,Uruguay,Latin America & Caribbean ,High income,,,,,,,,,,,,,,,,,,,,,,,,,group_rankings,Q6,Sector público,,oxford_ind_data_governance,,,,,,16.0,,,,low_performer,,,,,,50.0,oxford_ind_data_governance,observed_or_score,3.0,0.36046511627906974,43.0,False,True,False,desempeño bajo relativo,global_43,global,16.0,0.36046511627906974,43.0,False,False,50.0,0.0,0.0,,,,,,,,,,,,,,,,,,,,,,,
URY,Uruguay,Latin America & Caribbean ,High income,,,,,,,,,,,,,,,,,,,,,,,,,group_rankings,Q6,Sector público,,oxford_public_sector_adoption,,,,,,11.0,,,,high_performer,,,,,,83.22,oxford_public_sector_adoption,observed_or_score,33.0,0.7674418604651163,43.0,False,False,False,desempeño alto relativo,global_43,global,11.0,0.7674418604651163,43.0,False,False,16.409999999999997,-8.379999999999995,12.459999999999994,,,,,,,,,,,,,,,,,,,,,,,
URY,Uruguay,,,,,,,,,,,,,,,,,,,,,,,,,,,model_contributions,Q1,,,oxford_ind_company_investment_emerging_tech,,,,,,,,,,,,,,False,,,,,,,,,,,,,,,,,,,,,,,phase6_primary_or_available,n_binding,0.0,0.3023255813953488,4.7295748294962765,-3.869356913694386,negative,1.0,descriptive_driver_not_causal,model_term,Descriptive contribution based on in-sample model coefficient and country value; not causal.,3.869356913694386,,,,,,,,,,
URY,Uruguay,,,,,,,,,,,,,,,,,,,,,,,,,,,model_contributions,Q1,,,oxford_ind_company_investment_emerging_tech,,,,,,,,,,,,,,False,,,,,,,,,,,,,,,,,,,,,,,phase6_primary_or_available,n_non_binding,0.0,0.3023255813953488,2.2475135488873184,-1.7572532250985249,negative,2.0,descriptive_driver_not_causal,model_term,Descriptive contribution based on in-sample model coefficient and country value; not causal.,1.7572532250985249,,,,,,,,,,
URY,Uruguay,,,,,,,,,,,,,,,,,,,,,,,,,,,model_contributions,Q1,,,oxford_ind_company_investment_emerging_tech,,,,,,,,,,,,,,False,,,,,,,,,,,,,,,,,,,,,,,phase6_primary_or_available,tr_ley_ia_vigente,0.0,0.5,-3.8259436591183286e-14,5.834509381886393e-15,positive,3.0,descriptive_driver_not_causal,model_term,Descriptive contribution based on in-sample model coefficient and country value; not causal.,5.834509381886393e-15,,,,,,,,,,
URY,Uruguay,,,,,,,,,,,,,,,,,,,,,,,,,,,model_contributions,Q1,,,oxford_ind_ai_unicorns_log,,,,,,,,,,,,,,False,,,,,,,,,,,,,,,,,,,,,,,phase6_primary_or_available,n_binding,0.0,0.3023255813953488,7.1333329509672,-5.83591806167672,negative,1.0,descriptive_driver_not_causal,model_term,Descriptive contribution based on in-sample model coefficient and country value; not causal.,5.83591806167672,,,,,,,,,,
URY,Uruguay,,,,,,,,,,,,,,,,,,,,,,,,,,,model_contributions,Q1,,,oxford_ind_ai_unicorns_log,,,,,,,,,,,,,,False,,,,,,,,,,,,,,,,,,,,,,,phase6_primary_or_available,n_non_binding,0.0,0.3023255813953488,3.306718760982968,-2.5854092003618203,negative,2.0,descriptive_driver_not_causal,model_term,Descriptive contribution based on in-sample model coefficient and country value; not causal.,2.5854092003618203,,,,,,,,,,
URY,Uruguay,,,,,,,,,,,,,,,,,,,,,,,,,,,model_contributions,Q1,,,oxford_ind_ai_unicorns_log,,,,,,,,,,,,,,False,,,,,,,,,,,,,,,,,,,,,,,phase6_primary_or_available,tr_ley_ia_vigente,0.0,0.5,1.987964900528652e-15,-3.0316180520201806e-16,negative,3.0,descriptive_driver_not_causal,model_term,Descriptive contribution based on in-sample model coefficient and country value; not causal.,3.0316180520201806e-16,,,,,,,,,,
URY,Uruguay,,,,,,,,,,,,,,,,,,,,,,,,,,,model_contributions,Q1,,,oxford_ind_vc_availability,,,,,,,,,,,,,,False,,,,,,,,,,,,,,,,,,,,,,,phase6_primary_or_available,n_binding,0.0,0.3023255813953488,7.760175486030623,-6.348750099287953,negative,1.0,descriptive_driver_not_causal,model_term,Descriptive contribution based on in-sample model coefficient and country value; not causal.,6.348750099287953,,,,,,,,,,
URY,Uruguay,,,,,,,,,,,,,,,,,,,,,,,,,,,model_contributions,Q1,,,oxford_ind_vc_availability,,,,,,,,,,,,,,False,,,,,,,,,,,,,,,,,,,,,,,phase6_primary_or_available,n_non_binding,0.0,0.3023255813953488,4.271500851423644,-3.339738997743244,negative,2.0,descriptive_driver_not_causal,model_term,Descriptive contribution based on in-sample model coefficient and country value; not causal.,3.339738997743244,,,,,,,,,,
URY,Uruguay,,,,,,,,,,,,,,,,,,,,,,,,,,,model_contributions,Q1,,,oxford_ind_vc_availability,,,,,,,,,,,,,,False,,,,,,,,,,,,,,,,,,,,,,,phase6_primary_or_available,tr_ley_ia_vigente,0.0,0.5,-4.2369008046811576e-14,6.461213153549388e-15,positive,3.0,descriptive_driver_not_causal,model_term,Descriptive contribution based on in-sample model coefficient and country value; not causal.,6.461213153549388e-15,,,,,,,,,,
URY,Uruguay,,,,,,,,,,,,,,,,,,,,,,,,,,,model_contributions,Q1,,,wipo_c_vencapdeal_score,,,,,,,,,,,,,,False,,,,,,,,,,,,,,,,,,,,,,,phase6_primary_or_available,n_binding,0.0,0.3023255813953488,8.305370884368418,-6.794785030528779,negative,1.0,descriptive_driver_not_causal,model_term,Descriptive contribution based on in-sample model coefficient and country value; not causal.,6.794785030528779,,,,,,,,,,
URY,Uruguay,,,,,,,,,,,,,,,,,,,,,,,,,,,model_contributions,Q1,,,wipo_c_vencapdeal_score,,,,,,,,,,,,,,False,,,,,,,,,,,,,,,,,,,,,,,phase6_primary_or_available,n_non_binding,0.0,0.3023255813953488,4.302549149609762,-3.364014589829613,negative,2.0,descriptive_driver_not_causal,model_term,Descriptive contribution based on in-sample model coefficient and country value; not causal.,3.364014589829613,,,,,,,,,,
URY,Uruguay,,,,,,,,,,,,,,,,,,,,,,,,,,,model_contributions,Q1,,,wipo_c_vencapdeal_score,,,,,,,,,,,,,,False,,,,,,,,,,,,,,,,,,,,,,,phase6_primary_or_available,tr_ley_ia_vigente,0.0,0.5,8.94060433582872e-14,-1.3634293791233663e-14,negative,3.0,descriptive_driver_not_causal,model_term,Descriptive contribution based on in-sample model coefficient and country value; not causal.,1.3634293791233663e-14,,,,,,,,,,
URY,Uruguay,,,,,,,,,,,,,,,,,,,,,,,,,,,model_contributions,Q2,,,ms_h2_2025_ai_diffusion_pct,,,,,,,,,,,,,,False,,,,,,,,,,,,,,,,,,,,,,,phase6_primary_or_available,n_binding,0.0,0.3023255813953488,0.04968466726363,-0.04064799008616325,negative,1.0,descriptive_driver_not_causal,model_term,Descriptive contribution based on in-sample model coefficient and country value; not causal.,0.04064799008616325,,,,,,,,,,
URY,Uruguay,,,,,,,,,,,,,,,,,,,,,,,,,,,model_contributions,Q2,,,ms_h2_2025_ai_diffusion_pct,,,,,,,,,,,,,,False,,,,,,,,,,,,,,,,,,,,,,,phase6_primary_or_available,n_non_binding,0.0,0.3023255813953488,0.0269941656858525,-0.021105805895493837,negative,2.0,descriptive_driver_not_causal,model_term,Descriptive contribution based on in-sample model coefficient and country value; not causal.,0.021105805895493837,,,,,,,,,,
URY,Uruguay,,,,,,,,,,,,,,,,,,,,,,,,,,,model_contributions,Q2,,,ms_h2_2025_ai_diffusion_pct,,,,,,,,,,,,,,False,,,,,,,,,,,,,,,,,,,,,,,phase6_primary_or_available,tr_ley_ia_vigente,0.0,0.5,2.241257867171132e-14,-3.417886204903004e-15,negative,3.0,descriptive_driver_not_causal,model_term,Descriptive contribution based on in-sample model coefficient and country value; not causal.,3.417886204903004e-15,,,,,,,,,,
URY,Uruguay,,,,,,,,,,,,,,,,,,,,,,,,,,,model_contributions,Q2,,,oecd_5_ict_business_oecd_biz_ai_pct,,,,,,,,,,,,,,False,,,,,,,,,,,,,,,,,,,,,,,phase6_primary_or_available,n_binding,0.0,0.3023255813953488,-0.2543429146929604,0.20808287232897085,positive,1.0,descriptive_driver_not_causal,model_term,Descriptive contribution based on in-sample model coefficient and country value; not causal.,0.20808287232897085,,,,,,,,,,
URY,Uruguay,,,,,,,,,,,,,,,,,,,,,,,,,,,model_contributions,Q2,,,oecd_5_ict_business_oecd_biz_ai_pct,,,,,,,,,,,,,,False,,,,,,,,,,,,,,,,,,,,,,,phase6_primary_or_available,n_non_binding,0.0,0.3023255813953488,-0.1477620885882616,0.11553007404452126,positive,2.0,descriptive_driver_not_causal,model_term,Descriptive contribution based on in-sample model coefficient and country value; not causal.,0.11553007404452126,,,,,,,,,,
URY,Uruguay,,,,,,,,,,,,,,,,,,,,,,,,,,,model_contributions,Q2,,,oecd_5_ict_business_oecd_biz_ai_pct,,,,,,,,,,,,,,False,,,,,,,,,,,,,,,,,,,,,,,phase6_primary_or_available,tr_ley_ia_vigente,0.0,0.5,-8.744406856279877e-15,1.3335095439893072e-15,positive,3.0,descriptive_driver_not_causal,model_term,Descriptive contribution based on in-sample model coefficient and country value; not causal.,1.3335095439893072e-15,,,,,,,,,,
URY,Uruguay,,,,,,,,,,,,,,,,,,,,,,,,,,,model_contributions,Q2,,,anthropic_usage_pct,,,,,,,,,,,,,,False,,,,,,,,,,,,,,,,,,,,,,,phase6_primary_or_available,n_binding,0.0,0.3023255813953488,0.5686436703579704,-0.46521841743700787,negative,1.0,descriptive_driver_not_causal,model_term,Descriptive contribution based on in-sample model coefficient and country value; not causal.,0.46521841743700787,,,,,,,,,,
URY,Uruguay,,,,,,,,,,,,,,,,,,,,,,,,,,,model_contributions,Q2,,,anthropic_usage_pct,,,,,,,,,,,,,,False,,,,,,,,,,,,,,,,,,,,,,,phase6_primary_or_available,n_non_binding,0.0,0.3023255813953488,0.2223930757282434,-0.17388146547837763,negative,2.0,descriptive_driver_not_causal,model_term,Descriptive contribution based on in-sample model coefficient and country value; not causal.,0.17388146547837763,,,,,,,,,,
URY,Uruguay,,,,,,,,,,,,,,,,,,,,,,,,,,,model_contributions,Q2,,,anthropic_usage_pct,,,,,,,,,,,,,,False,,,,,,,,,,,,,,,,,,,,,,,phase6_primary_or_available,tr_ley_ia_vigente,0.0,0.5,2.7708713158528867e-16,-4.225539142431883e-17,negative,3.0,descriptive_driver_not_causal,model_term,Descriptive contribution based on in-sample model coefficient and country value; not causal.,4.225539142431883e-17,,,,,,,,,,
URY,Uruguay,,,,,,,,,,,,,,,,,,,,,,,,,,,model_contributions,Q2,,,oxford_public_sector_adoption,,,,,,,,,,,,,,False,,,,,,,,,,,,,,,,,,,,,,,phase6_primary_or_available,n_binding,0.0,0.3023255813953488,0.0640154887746084,-0.052372313157784955,negative,1.0,descriptive_driver_not_causal,model_term,Descriptive contribution based on in-sample model coefficient and country value; not causal.,0.052372313157784955,,,,,,,,,,
URY,Uruguay,,,,,,,,,,,,,,,,,,,,,,,,,,,model_contributions,Q2,,,oxford_public_sector_adoption,,,,,,,,,,,,,,False,,,,,,,,,,,,,,,,,,,,,,,phase6_primary_or_available,n_non_binding,0.0,0.3023255813953488,0.0148161189183194,-0.011584211701660074,negative,2.0,descriptive_driver_not_causal,model_term,Descriptive contribution based on in-sample model coefficient and country value; not causal.,0.011584211701660074,,,,,,,,,,
URY,Uruguay,,,,,,,,,,,,,,,,,,,,,,,,,,,model_contributions,Q2,,,oxford_public_sector_adoption,,,,,,,,,,,,,,False,,,,,,,,,,,,,,,,,,,,,,,phase6_primary_or_available,tr_ley_ia_vigente,0.0,0.5,-7.01000570081149e-17,1.0690158473971607e-17,positive,3.0,descriptive_driver_not_causal,model_term,Descriptive contribution based on in-sample model coefficient and country value; not causal.,1.0690158473971607e-17,,,,,,,,,,
URY,Uruguay,,,,,,,,,,,,,,,,,,,,,,,,,,,model_contributions,Q2,,,oxford_ind_adoption_emerging_tech,,,,,,,,,,,,,,False,,,,,,,,,,,,,,,,,,,,,,,phase6_primary_or_available,n_binding,0.0,0.3023255813953488,0.1809345179902436,-0.14802603898881003,negative,1.0,descriptive_driver_not_causal,model_term,Descriptive contribution based on in-sample model coefficient and country value; not causal.,0.14802603898881003,,,,,,,,,,
URY,Uruguay,,,,,,,,,,,,,,,,,,,,,,,,,,,model_contributions,Q2,,,oxford_ind_adoption_emerging_tech,,,,,,,,,,,,,,False,,,,,,,,,,,,,,,,,,,,,,,phase6_primary_or_available,n_non_binding,0.0,0.3023255813953488,0.0916563732689352,-0.07166295286958722,negative,2.0,descriptive_driver_not_causal,model_term,Descriptive contribution based on in-sample model coefficient and country value; not causal.,0.07166295286958722,,,,,,,,,,
URY,Uruguay,,,,,,,,,,,,,,,,,,,,,,,,,,,model_contributions,Q2,,,oxford_ind_adoption_emerging_tech,,,,,,,,,,,,,,False,,,,,,,,,,,,,,,,,,,,,,,phase6_primary_or_available,tr_ley_ia_vigente,0.0,0.5,-3.0600670109856515e-16,4.666558442972787e-17,positive,3.0,descriptive_driver_not_causal,model_term,Descriptive contribution based on in-sample model coefficient and country value; not causal.,4.666558442972787e-17,,,,,,,,,,
URY,Uruguay,,,,,,,,,,,,,,,,,,,,,,,,,,,model_contributions,Q3,,,oxford_total_score,,,,,,,,,,,,,,False,,,,,,,,,,,,,,,,,,,,,,,phase6_primary_or_available,n_binding,0.0,0.3023255813953488,2.2499681075457483,-1.8407425543262292,negative,1.0,descriptive_driver_not_causal,model_term,Descriptive contribution based on in-sample model coefficient and country value; not causal.,1.8407425543262292,,,,,,,,,,
URY,Uruguay,,,,,,,,,,,,,,,,,,,,,,,,,,,model_contributions,Q3,,,oxford_total_score,,,,,,,,,,,,,,False,,,,,,,,,,,,,,,,,,,,,,,phase6_primary_or_available,n_non_binding,0.0,0.3023255813953488,1.07742148776607,-0.8423986521036543,negative,2.0,descriptive_driver_not_causal,model_term,Descriptive contribution based on in-sample model coefficient and country value; not causal.,0.8423986521036543,,,,,,,,,,
URY,Uruguay,,,,,,,,,,,,,,,,,,,,,,,,,,,model_contributions,Q3,,,oxford_total_score,,,,,,,,,,,,,,False,,,,,,,,,,,,,,,,,,,,,,,phase6_primary_or_available,tr_ley_ia_vigente,0.0,0.5,-8.152098990735945e-15,1.2431834412971011e-15,positive,3.0,descriptive_driver_not_causal,model_term,Descriptive contribution based on in-sample model coefficient and country value; not causal.,1.2431834412971011e-15,,,,,,,,,,
URY,Uruguay,,,,,,,,,,,,,,,,,,,,,,,,,,,model_contributions,Q3,,,wipo_out_score,,,,,,,,,,,,,,False,,,,,,,,,,,,,,,,,,,,,,,phase6_primary_or_available,n_binding,0.0,0.3023255813953488,1.4609377027561847,-1.195221474324046,negative,1.0,descriptive_driver_not_causal,model_term,Descriptive contribution based on in-sample model coefficient and country value; not causal.,1.195221474324046,,,,,,,,,,
URY,Uruguay,,,,,,,,,,,,,,,,,,,,,,,,,,,model_contributions,Q3,,,wipo_out_score,,,,,,,,,,,,,,False,,,,,,,,,,,,,,,,,,,,,,,phase6_primary_or_available,n_non_binding,0.0,0.3023255813953488,0.721320469377088,-0.5639755639159528,negative,2.0,descriptive_driver_not_causal,model_term,Descriptive contribution based on in-sample model coefficient and country value; not causal.,0.5639755639159528,,,,,,,,,,
URY,Uruguay,,,,,,,,,,,,,,,,,,,,,,,,,,,model_contributions,Q3,,,wipo_out_score,,,,,,,,,,,,,,False,,,,,,,,,,,,,,,,,,,,,,,phase6_primary_or_available,tr_ley_ia_vigente,0.0,0.5,-1.8917858509755203e-14,2.8849463764921674e-15,positive,3.0,descriptive_driver_not_causal,model_term,Descriptive contribution based on in-sample model coefficient and country value; not causal.,2.8849463764921674e-15,,,,,,,,,,
URY,Uruguay,,,,,,,,,,,,,,,,,,,,,,,,,,,model_contributions,Q5,,,anthropic_usage_pct,,,,,,,,,,,,,,False,,,,,,,,,,,,,,,,,,,,,,,phase6_primary_or_available,n_binding,0.0,0.3023255813953488,0.5686436703579704,-0.46521841743700787,negative,1.0,descriptive_driver_not_causal,model_term,Descriptive contribution based on in-sample model coefficient and country value; not causal.,0.46521841743700787,,,,,,,,,,
URY,Uruguay,,,,,,,,,,,,,,,,,,,,,,,,,,,model_contributions,Q5,,,anthropic_usage_pct,,,,,,,,,,,,,,False,,,,,,,,,,,,,,,,,,,,,,,phase6_primary_or_available,n_non_binding,0.0,0.3023255813953488,0.2223930757282434,-0.17388146547837763,negative,2.0,descriptive_driver_not_causal,model_term,Descriptive contribution based on in-sample model coefficient and country value; not causal.,0.17388146547837763,,,,,,,,,,
URY,Uruguay,,,,,,,,,,,,,,,,,,,,,,,,,,,model_contributions,Q5,,,anthropic_usage_pct,,,,,,,,,,,,,,False,,,,,,,,,,,,,,,,,,,,,,,phase6_primary_or_available,tr_ley_ia_vigente,0.0,0.5,2.7708713158528867e-16,-4.225539142431883e-17,negative,3.0,descriptive_driver_not_causal,model_term,Descriptive contribution based on in-sample model coefficient and country value; not causal.,4.225539142431883e-17,,,,,,,,,,
URY,Uruguay,,,,,,,,,,,,,,,,,,,,,,,,,,,model_contributions,Q5,,,anthropic_collaboration_pct,,,,,,,,,,,,,,False,,,,,,,,,,,,,,,,,,,,,,,phase6_primary_or_available,n_binding,0.0,0.3023255813953488,-8.700693249937902e-19,7.118205926380682e-19,positive,3.0,descriptive_driver_not_causal,model_term,Descriptive contribution based on in-sample model coefficient and country value; not causal.,7.118205926380682e-19,,,,,,,,,,
URY,Uruguay,,,,,,,,,,,,,,,,,,,,,,,,,,,model_contributions,Q5,,,anthropic_collaboration_pct,,,,,,,,,,,,,,False,,,,,,,,,,,,,,,,,,,,,,,phase6_primary_or_available,n_non_binding,0.0,0.3023255813953488,2.0467922774300026e-18,-1.6003161949351848e-18,negative,2.0,descriptive_driver_not_causal,model_term,Descriptive contribution based on in-sample model coefficient and country value; not causal.,1.6003161949351848e-18,,,,,,,,,,
URY,Uruguay,,,,,,,,,,,,,,,,,,,,,,,,,,,model_contributions,Q5,,,anthropic_collaboration_pct,,,,,,,,,,,,,,False,,,,,,,,,,,,,,,,,,,,,,,phase6_primary_or_available,tr_ley_ia_vigente,0.0,0.5,-4.1247061300713444e-15,6.290117878780105e-16,positive,1.0,descriptive_driver_not_causal,model_term,Descriptive contribution based on in-sample model coefficient and country value; not causal.,6.290117878780105e-16,,,,,,,,,,
URY,Uruguay,,,,,,,,,,,,,,,,,,,,,,,,,,,model_contributions,Q5,,,oxford_ind_adoption_emerging_tech,,,,,,,,,,,,,,False,,,,,,,,,,,,,,,,,,,,,,,phase6_primary_or_available,n_binding,0.0,0.3023255813953488,0.1809345179902436,-0.14802603898881003,negative,1.0,descriptive_driver_not_causal,model_term,Descriptive contribution based on in-sample model coefficient and country value; not causal.,0.14802603898881003,,,,,,,,,,
URY,Uruguay,,,,,,,,,,,,,,,,,,,,,,,,,,,model_contributions,Q5,,,oxford_ind_adoption_emerging_tech,,,,,,,,,,,,,,False,,,,,,,,,,,,,,,,,,,,,,,phase6_primary_or_available,n_non_binding,0.0,0.3023255813953488,0.0916563732689352,-0.07166295286958722,negative,2.0,descriptive_driver_not_causal,model_term,Descriptive contribution based on in-sample model coefficient and country value; not causal.,0.07166295286958722,,,,,,,,,,
URY,Uruguay,,,,,,,,,,,,,,,,,,,,,,,,,,,model_contributions,Q5,,,oxford_ind_adoption_emerging_tech,,,,,,,,,,,,,,False,,,,,,,,,,,,,,,,,,,,,,,phase6_primary_or_available,tr_ley_ia_vigente,0.0,0.5,-3.0600670109856515e-16,4.666558442972787e-17,positive,3.0,descriptive_driver_not_causal,model_term,Descriptive contribution based on in-sample model coefficient and country value; not causal.,4.666558442972787e-17,,,,,,,,,,
URY,Uruguay,,,,,,,,,,,,,,,,,,,,,,,,,,,model_contributions,Q6,,,oxford_public_sector_adoption,,,,,,,,,,,,,,False,,,,,,,,,,,,,,,,,,,,,,,phase6_primary_or_available,n_binding,0.0,0.3023255813953488,0.0640154887746084,-0.052372313157784955,negative,1.0,descriptive_driver_not_causal,model_term,Descriptive contribution based on in-sample model coefficient and country value; not causal.,0.052372313157784955,,,,,,,,,,
URY,Uruguay,,,,,,,,,,,,,,,,,,,,,,,,,,,model_contributions,Q6,,,oxford_public_sector_adoption,,,,,,,,,,,,,,False,,,,,,,,,,,,,,,,,,,,,,,phase6_primary_or_available,n_non_binding,0.0,0.3023255813953488,0.0148161189183194,-0.011584211701660074,negative,2.0,descriptive_driver_not_causal,model_term,Descriptive contribution based on in-sample model coefficient and country value; not causal.,0.011584211701660074,,,,,,,,,,
URY,Uruguay,,,,,,,,,,,,,,,,,,,,,,,,,,,model_contributions,Q6,,,oxford_public_sector_adoption,,,,,,,,,,,,,,False,,,,,,,,,,,,,,,,,,,,,,,phase6_primary_or_available,tr_ley_ia_vigente,0.0,0.5,-7.01000570081149e-17,1.0690158473971607e-17,positive,3.0,descriptive_driver_not_causal,model_term,Descriptive contribution based on in-sample model coefficient and country value; not causal.,1.0690158473971607e-17,,,,,,,,,,
URY,Uruguay,,,,,,,,,,,,,,,,,,,,,,,,,,,model_contributions,Q6,,,oxford_e_government_delivery,,,,,,,,,,,,,,False,,,,,,,,,,,,,,,,,,,,,,,phase6_primary_or_available,n_binding,0.0,0.3023255813953488,-0.1374289313231616,0.11243327460230536,positive,1.0,descriptive_driver_not_causal,model_term,Descriptive contribution based on in-sample model coefficient and country value; not causal.,0.11243327460230536,,,,,,,,,,
URY,Uruguay,,,,,,,,,,,,,,,,,,,,,,,,,,,model_contributions,Q6,,,oxford_e_government_delivery,,,,,,,,,,,,,,False,,,,,,,,,,,,,,,,,,,,,,,phase6_primary_or_available,n_non_binding,0.0,0.3023255813953488,-0.1064505133184943,0.08322998005281261,positive,2.0,descriptive_driver_not_causal,model_term,Descriptive contribution based on in-sample model coefficient and country value; not causal.,0.08322998005281261,,,,,,,,,,
URY,Uruguay,,,,,,,,,,,,,,,,,,,,,,,,,,,model_contributions,Q6,,,oxford_e_government_delivery,,,,,,,,,,,,,,False,,,,,,,,,,,,,,,,,,,,,,,phase6_primary_or_available,tr_ley_ia_vigente,0.0,0.5,-9.478884821817544e-17,1.4455163836746014e-17,positive,3.0,descriptive_driver_not_causal,model_term,Descriptive contribution based on in-sample model coefficient and country value; not causal.,1.4455163836746014e-17,,,,,,,,,,
URY,Uruguay,,,,,,,,,,,,,,,,,,,,,,,,,,,model_contributions,Q6,,,oxford_government_digital_policy,,,,,,,,,,,,,,False,,,,,,,,,,,,,,,,,,,,,,,phase6_primary_or_available,n_binding,0.0,0.3023255813953488,0.1893803266847952,-0.15493571891610364,negative,1.0,descriptive_driver_not_causal,model_term,Descriptive contribution based on in-sample model coefficient and country value; not causal.,0.15493571891610364,,,,,,,,,,
URY,Uruguay,,,,,,,,,,,,,,,,,,,,,,,,,,,model_contributions,Q6,,,oxford_government_digital_policy,,,,,,,,,,,,,,False,,,,,,,,,,,,,,,,,,,,,,,phase6_primary_or_available,n_non_binding,0.0,0.3023255813953488,0.0908311566200325,-0.07101774447099617,negative,2.0,descriptive_driver_not_causal,model_term,Descriptive contribution based on in-sample model coefficient and country value; not causal.,0.07101774447099617,,,,,,,,,,
URY,Uruguay,,,,,,,,,,,,,,,,,,,,,,,,,,,model_contributions,Q6,,,oxford_government_digital_policy,,,,,,,,,,,,,,False,,,,,,,,,,,,,,,,,,,,,,,phase6_primary_or_available,tr_ley_ia_vigente,0.0,0.5,-4.544418963573781e-17,6.930173949373787e-18,positive,3.0,descriptive_driver_not_causal,model_term,Descriptive contribution based on in-sample model coefficient and country value; not causal.,6.930173949373787e-18,,,,,,,,,,
URY,Uruguay,,,,,,,,,,,,,,,,,,,,,,,,,,,model_contributions,Q6,,,oxford_ind_data_governance,,,,,,,,,,,,,,False,,,,,,,,,,,,,,,,,,,,,,,phase6_primary_or_available,n_binding,0.0,0.3023255813953488,0.1806688519125218,-0.14780869241715713,negative,1.0,descriptive_driver_not_causal,model_term,Descriptive contribution based on in-sample model coefficient and country value; not causal.,0.14780869241715713,,,,,,,,,,
URY,Uruguay,,,,,,,,,,,,,,,,,,,,,,,,,,,model_contributions,Q6,,,oxford_ind_data_governance,,,,,,,,,,,,,,False,,,,,,,,,,,,,,,,,,,,,,,phase6_primary_or_available,n_non_binding,0.0,0.3023255813953488,0.0997497570356365,-0.07799089012853584,negative,2.0,descriptive_driver_not_causal,model_term,Descriptive contribution based on in-sample model coefficient and country value; not causal.,0.07799089012853584,,,,,,,,,,
URY,Uruguay,,,,,,,,,,,,,,,,,,,,,,,,,,,model_contributions,Q6,,,oxford_ind_data_governance,,,,,,,,,,,,,,False,,,,,,,,,,,,,,,,,,,,,,,phase6_primary_or_available,tr_ley_ia_vigente,0.0,0.5,-1.8875040130530594e-16,2.878416634876455e-17,positive,3.0,descriptive_driver_not_causal,model_term,Descriptive contribution based on in-sample model coefficient and country value; not causal.,2.878416634876455e-17,,,,,,,,,,
URY,Uruguay,,,,,,,,,,,,,,,,,,,,,,,,,,,model_contributions,Q6,,,oxford_governance_ethics,,,,,,,,,,,,,,False,,,,,,,,,,,,,,,,,,,,,,,phase6_primary_or_available,n_binding,0.0,0.3023255813953488,0.0365916196083254,-0.029936313816569554,negative,1.0,descriptive_driver_not_causal,model_term,Descriptive contribution based on in-sample model coefficient and country value; not causal.,0.029936313816569554,,,,,,,,,,
URY,Uruguay,,,,,,,,,,,,,,,,,,,,,,,,,,,model_contributions,Q6,,,oxford_governance_ethics,,,,,,,,,,,,,,False,,,,,,,,,,,,,,,,,,,,,,,phase6_primary_or_available,n_non_binding,0.0,0.3023255813953488,0.0269918283833532,-0.02110397843938931,negative,2.0,descriptive_driver_not_causal,model_term,Descriptive contribution based on in-sample model coefficient and country value; not causal.,0.02110397843938931,,,,,,,,,,
URY,Uruguay,,,,,,,,,,,,,,,,,,,,,,,,,,,model_contributions,Q6,,,oxford_governance_ethics,,,,,,,,,,,,,,False,,,,,,,,,,,,,,,,,,,,,,,phase6_primary_or_available,tr_ley_ia_vigente,0.0,0.5,-1.104956329791406e-16,1.6850426057315146e-17,positive,3.0,descriptive_driver_not_causal,model_term,Descriptive contribution based on in-sample model coefficient and country value; not causal.,1.6850426057315146e-17,,,,,,,,,,
URY,Uruguay,,,,,,,,,,,,,,,,,,,,,,,,,,,model_contributions,Q6,,,oecd_2_indigo_oecd_indigo_score,,,,,,,,,,,,,,False,,,,,,,,,,,,,,,,,,,,,,,phase6_primary_or_available,n_binding,0.0,0.3023255813953488,-0.0477895929014259,0.039097592989234264,positive,1.0,descriptive_driver_not_causal,model_term,Descriptive contribution based on in-sample model coefficient and country value; not causal.,0.039097592989234264,,,,,,,,,,
URY,Uruguay,,,,,,,,,,,,,,,,,,,,,,,,,,,model_contributions,Q6,,,oecd_2_indigo_oecd_indigo_score,,,,,,,,,,,,,,False,,,,,,,,,,,,,,,,,,,,,,,phase6_primary_or_available,n_non_binding,0.0,0.3023255813953488,-0.0194746329894555,0.015226542970240646,positive,2.0,descriptive_driver_not_causal,model_term,Descriptive contribution based on in-sample model coefficient and country value; not causal.,0.015226542970240646,,,,,,,,,,
URY,Uruguay,,,,,,,,,,,,,,,,,,,,,,,,,,,model_contributions,Q6,,,oecd_2_indigo_oecd_indigo_score,,,,,,,,,,,,,,False,,,,,,,,,,,,,,,,,,,,,,,phase6_primary_or_available,tr_ley_ia_vigente,0.0,0.5,-2.986201617507348e-17,4.553914773947821e-18,positive,3.0,descriptive_driver_not_causal,model_term,Descriptive contribution based on in-sample model coefficient and country value; not causal.,4.553914773947821e-18,,,,,,,,,,
URY,Uruguay,,,,,,,,,,,,,,,,,,,,,,,,,,,residuals,Q1,,,oxford_ind_company_investment_emerging_tech,27.0,,,,,,,,,,,,,,,,,,,,,,,,,,,,,,,,,,,,simple_adjusted_internal,,,,,,,,,,Observed minus fitted within in-sample descriptive model; not causal.,,44.463298518273355,-17.463298518273355,17.463298518273355,6.0,0.8809523809523809,underperformer,73.0,73.0,-11.5,-51.5
URY,Uruguay,,,,,,,,,,,,,,,,,,,,,,,,,,,residuals,Q1,,,oxford_ind_ai_unicorns_log,0.0,,,,,,,,,,,,,,,,,,,,,,,,,,,,,,,,,,,,simple_adjusted_internal,,,,,,,,,,Observed minus fitted within in-sample descriptive model; not causal.,,3.71342129009059,-3.71342129009059,3.71342129009059,24.0,0.4523809523809524,underperformer,100.0,100.0,-16.99916163,-26.94303373
URY,Uruguay,,,,,,,,,,,,,,,,,,,,,,,,,,,residuals,Q1,,,oxford_ind_vc_availability,8.0,,,,,,,,,,,,,,,,,,,,,,,,,,,,,,,,,,,,simple_adjusted_internal,,,,,,,,,,Observed minus fitted within in-sample descriptive model; not causal.,,10.427202003684911,-2.4272020036849113,2.4272020036849113,34.0,0.21428571428571427,underperformer,92.0,92.0,-1.0,-92.0
URY,Uruguay,,,,,,,,,,,,,,,,,,,,,,,,,,,residuals,Q1,,,wipo_c_vencapdeal_score,4.24955873945845,,,,,,,,,,,,,,,,,,,,,,,,,,,,,,,,,,,,simple_adjusted_internal,,,,,,,,,,Observed minus fitted within in-sample descriptive model; not causal.,,4.410706143563656,-0.1611474041052059,0.1611474041052059,40.0,0.025,underperformer,95.75044126054155,95.75044126054155,0.3010438549533103,-95.75044126054155
URY,Uruguay,,,,,,,,,,,,,,,,,,,,,,,,,,,residuals,Q2,,,ms_h2_2025_ai_diffusion_pct,22.5,,,,,,,,,,,,,,,,,,,,,,,,,,,,,,,,,,,,simple_adjusted_internal,,,,,,,,,,Observed minus fitted within in-sample descriptive model; not causal.,,21.464001473856754,1.0359985261432456,1.0359985261432456,37.0,0.12195121951219512,overperformer,41.5,41.5,1.6999999999999993,-38.4
URY,Uruguay,,,,,,,,,,,,,,,,,,,,,,,,,,,residuals,Q2,,,anthropic_usage_pct,0.0593,,,,,,,,,,,,,,,,,,,,,,,,,,,,,,,,,,,,simple_adjusted_internal,,,,,,,,,,Observed minus fitted within in-sample descriptive model; not causal.,,0.8276756603577139,-0.7683756603577139,0.7683756603577139,23.0,0.4634146341463415,underperformer,22.1779,22.1779,-0.21270000000000003,-0.49060000000000004
URY,Uruguay,,,,,,,,,,,,,,,,,,,,,,,,,,,residuals,Q2,,,oxford_public_sector_adoption,83.22,,,,,,,,,,,,,,,,,,,,,,,,,,,,,,,,,,,,simple_adjusted_internal,,,,,,,,,,Observed minus fitted within in-sample descriptive model; not causal.,,70.09416575869122,13.12583424130878,13.12583424130878,12.0,0.7380952380952381,overperformer,16.409999999999997,16.409999999999997,12.459999999999994,-9.280000000000001
URY,Uruguay,,,,,,,,,,,,,,,,,,,,,,,,,,,residuals,Q2,,,oxford_ind_adoption_emerging_tech,51.47,,,,,,,,,,,,,,,,,,,,,,,,,,,,,,,,,,,,simple_adjusted_internal,,,,,,,,,,Observed minus fitted within in-sample descriptive model; not causal.,,57.772764348402596,-6.302764348402597,6.302764348402597,26.0,0.40476190476190477,underperformer,48.53,48.53,-10.079999999999998,-37.07000000000001
URY,Uruguay,,,,,,,,,,,,,,,,,,,,,,,,,,,residuals,Q3,,,oxford_total_score,58.47,,,,,,,,,,,,,,,,,,,,,,,,,,,,,,,,,,,,simple_adjusted_internal,,,,,,,,,,Observed minus fitted within in-sample descriptive model; not causal.,,62.37533963236332,-3.9053396323633223,3.9053396323633223,22.0,0.5,underperformer,29.89,29.89,-0.8299999999999983,-17.950000000000003
URY,Uruguay,,,,,,,,,,,,,,,,,,,,,,,,,,,residuals,Q3,,,wipo_out_score,19.2946369960216,,,,,,,,,,,,,,,,,,,,,,,,,,,,,,,,,,,,simple_adjusted_internal,,,,,,,,,,Observed minus fitted within in-sample descriptive model; not causal.,,35.16929820700911,-15.874661210987512,15.874661210987512,2.0,0.9761904761904762,underperformer,45.158095492536994,45.158095492536994,-3.5834478480618976,-31.846710735887797
URY,Uruguay,,,,,,,,,,,,,,,,,,,,,,,,,,,residuals,Q5,,,anthropic_usage_pct,0.0593,,,,,,,,,,,,,,,,,,,,,,,,,,,,,,,,,,,,simple_adjusted_internal,,,,,,,,,,Observed minus fitted within in-sample descriptive model; not causal.,,0.8276756603577139,-0.7683756603577139,0.7683756603577139,23.0,0.4634146341463415,underperformer,22.1779,22.1779,-0.21270000000000003,-0.49060000000000004
URY,Uruguay,,,,,,,,,,,,,,,,,,,,,,,,,,,residuals,Q5,,,anthropic_collaboration_pct,16.66666666666666,,,,,,,,,,,,,,,,,,,,,,,,,,,,,,,,,,,,simple_adjusted_internal,,,,,,,,,,Observed minus fitted within in-sample descriptive model; not causal.,,16.666666666666657,3.552713678800501e-15,3.552713678800501e-15,38.0,0.07317073170731707,overperformer,1.0658141036401503e-14,1.0658141036401503e-14,-1.0658141036401503e-14,-1.0658141036401503e-14
URY,Uruguay,,,,,,,,,,,,,,,,,,,,,,,,,,,residuals,Q5,,,oxford_ind_adoption_emerging_tech,51.47,,,,,,,,,,,,,,,,,,,,,,,,,,,,,,,,,,,,simple_adjusted_internal,,,,,,,,,,Observed minus fitted within in-sample descriptive model; not causal.,,57.772764348402596,-6.302764348402597,6.302764348402597,26.0,0.40476190476190477,underperformer,48.53,48.53,-10.079999999999998,-37.07000000000001
URY,Uruguay,,,,,,,,,,,,,,,,,,,,,,,,,,,residuals,Q6,,,oxford_public_sector_adoption,83.22,,,,,,,,,,,,,,,,,,,,,,,,,,,,,,,,,,,,simple_adjusted_internal,,,,,,,,,,Observed minus fitted within in-sample descriptive model; not causal.,,70.09416575869122,13.12583424130878,13.12583424130878,12.0,0.7380952380952381,overperformer,16.409999999999997,16.409999999999997,12.459999999999994,-9.280000000000001
URY,Uruguay,,,,,,,,,,,,,,,,,,,,,,,,,,,residuals,Q6,,,oxford_e_government_delivery,88.58,,,,,,,,,,,,,,,,,,,,,,,,,,,,,,,,,,,,simple_adjusted_internal,,,,,,,,,,Observed minus fitted within in-sample descriptive model; not causal.,,82.5212348107029,6.058765189297105,6.058765189297105,20.0,0.5476190476190477,overperformer,11.400000000000006,11.400000000000006,-7.950000000000003,-2.5
URY,Uruguay,,,,,,,,,,,,,,,,,,,,,,,,,,,residuals,Q6,,,oxford_government_digital_policy,77.85,,,,,,,,,,,,,,,,,,,,,,,,,,,,,,,,,,,,simple_adjusted_internal,,,,,,,,,,Observed minus fitted within in-sample descriptive model; not causal.,,57.66496461954064,20.185035380459354,20.185035380459354,10.0,0.7857142857142857,overperformer,21.53,21.53,32.849999999999994,-16.070000000000007
URY,Uruguay,,,,,,,,,,,,,,,,,,,,,,,,,,,residuals,Q6,,,oxford_ind_data_governance,50.0,,,,,,,,,,,,,,,,,,,,,,,,,,,,,,,,,,,,simple_adjusted_internal,,,,,,,,,,Observed minus fitted within in-sample descriptive model; not causal.,,59.101250849506584,-9.101250849506584,9.101250849506584,33.0,0.23809523809523808,underperformer,50.0,50.0,0.0,-50.0
URY,Uruguay,,,,,,,,,,,,,,,,,,,,,,,,,,,residuals,Q6,,,oxford_governance_ethics,69.22651663,,,,,,,,,,,,,,,,,,,,,,,,,,,,,,,,,,,,simple_adjusted_internal,,,,,,,,,,Observed minus fitted within in-sample descriptive model; not causal.,,83.32516051012117,-14.098643880121159,14.098643880121159,3.0,0.9523809523809523,underperformer,28.150325249999995,28.150325249999995,-14.618163839999994,-20.676335019999996
URY,Uruguay,,,,,,,,,,,,,,,,,,,,,,,,,,,residuals,Q6,,,oecd_2_indigo_oecd_indigo_score,0.0712803825736046,,,,,,,,,,,,,,,,,,,,,,,,,,,,,,,,,,,,simple_adjusted_internal,,,,,,,,,,Observed minus fitted within in-sample descriptive model; not causal.,,0.10576556696052879,-0.03448518438692419,0.03448518438692419,4.0,0.9285714285714286,underperformer,0.06824900954961781,0.06824900954961781,-0.011779516935348497,-0.0009139403700827997
