question,tier,y_var,model,x_var,coefficient,std_error,p_value,ci95_lower,ci95_upper,p_value_bootstrap,n_effective,r2,ci_method,n_boot,seed,binarization_threshold_value,binarization_method,n_class_0,n_class_1,auc_cv_5fold_mean,auc_cv_5fold_std,auc_loocv,model_hyperparams_json,fdr_q_value,fdr_significant_05
Q6,primary,oxford_public_sector_adoption,OLS_full,n_binding,10.77975652979806,13.582139940190421,0.43718720848374504,-105.44199155541907,86.92500010241365,0.749,36,0.45019723133468736,bootstrap_2000,2000.0,42,,,,,,,,,0.5700613516031483,False
Q6,primary,oxford_public_sector_adoption,OLS_full,n_non_binding,-4.792637698852831,8.65824680863401,0.5863530830841674,-61.523068629378066,72.55001767500693,0.737,36,0.45019723133468736,bootstrap_2000,2000.0,42,,,,,,,,,,
Q6,primary,oxford_public_sector_adoption,OLS_full,n_hybrid,-4.815552014832079,8.498057269578707,0.5775751971612256,-55.87001461428625,94.79043732555407,0.866,36,0.45019723133468736,bootstrap_2000,2000.0,42,,,,,,,,,,
Q6,primary,oxford_public_sector_adoption,OLS_full,regulatory_intensity,-18.258075360176008,107.9215858227486,0.8674439398687125,-754.0665485010572,1010.6291472332045,0.85,36,0.45019723133468736,bootstrap_2000,2000.0,42,,,,,,,,,,
Q6,primary,oxford_public_sector_adoption,OLS_full,n_regulatory_mechanisms,1.1715668161129775,3.981756289522507,0.7717697159331827,-39.79045230087376,28.4330612864246,0.848,36,0.45019723133468736,bootstrap_2000,2000.0,42,,,,,,,,,,
Q6,primary,oxford_public_sector_adoption,OLS_full,wb_gdp_per_capita_ppp_z,0.30834370512757836,2.7209523417086765,0.9109641164574102,-12.454630502619462,10.590253014379364,0.783,36,0.45019723133468736,bootstrap_2000,2000.0,42,,,,,,,,,,
Q6,primary,oxford_public_sector_adoption,OLS_full,wb_internet_penetration_z,-1.936365488001866,2.544550896691411,0.4560073713006829,-12.388592214330938,7.746680388013875,0.635,36,0.45019723133468736,bootstrap_2000,2000.0,42,,,,,,,,,,
Q6,primary,oxford_public_sector_adoption,OLS_full,wb_tertiary_education_enrollment_z,0.19814157032063928,1.524919051589391,0.8979829898042209,-5.377385999826198,8.911597866944424,0.726,36,0.45019723133468736,bootstrap_2000,2000.0,42,,,,,,,,,,
Q6,primary,oxford_public_sector_adoption,OLS_full,wb_rd_expenditure_pct_gdp_z,-10.13683694575221,6.738861223255251,0.14896255205297454,-33.17505110800639,13.213993406057467,0.29,36,0.45019723133468736,bootstrap_2000,2000.0,42,,,,,,,,,,
Q6,primary,oxford_public_sector_adoption,OLS_full,wb_researchers_rd_per_million_z,6.406683731891642,5.829097626363358,0.2854625442244649,-18.833693763860587,30.904293577794554,0.427,36,0.45019723133468736,bootstrap_2000,2000.0,42,,,,,,,,,,
Q6,primary,oxford_public_sector_adoption,OLS_full,wb_government_effectiveness_z,-2.5601082423308235,11.138756340155593,0.8206740057621568,-41.02178774472945,56.732589199726554,0.664,36,0.45019723133468736,bootstrap_2000,2000.0,42,,,,,,,,,,
Q6,primary,oxford_public_sector_adoption,OLS_full,wb_rule_of_law_z,8.14788793886201,8.16034208449656,0.330596914853986,-31.44567426660741,40.02638778357781,0.945,36,0.45019723133468736,bootstrap_2000,2000.0,42,,,,,,,,,,
Q6,primary,oxford_public_sector_adoption,OLS_full,wb_regulatory_quality_z,-10.500873078631031,9.80719225499146,0.2977037426416266,-50.02814245414842,26.868471435029797,0.456,36,0.45019723133468736,bootstrap_2000,2000.0,42,,,,,,,,,,
Q6,primary,oxford_public_sector_adoption,OLS_full,wipo_in_score_z,8.350991302405482,8.241176820135154,0.3236361065015956,-22.172201021204696,34.998725841704854,0.504,36,0.45019723133468736,bootstrap_2000,2000.0,42,,,,,,,,,,
Q6,primary,oxford_public_sector_adoption,OLS_full,wb_mobile_subscriptions_per100_z,1.0745117859809872,1.443320306111192,0.4656998499923838,-6.593436887040222,9.015010768509676,0.66,36,0.45019723133468736,bootstrap_2000,2000.0,42,,,,,,,,,,
Q6,primary,oxford_public_sector_adoption,OLS_full,wb_secure_servers_per_1m_z,2.263791957401337,1.8951062425488585,0.24696405001394864,-5.175770182169475,8.313284227712852,0.613,36,0.45019723133468736,bootstrap_2000,2000.0,42,,,,,,,,,,
Q6,primary,oxford_public_sector_adoption,OLS_full,wb_electric_consumption_kwh_pc_z,0.3884727507407666,1.3726000536435545,0.7802222898922703,-6.752946219975951,7.250986196998733,0.873,36,0.45019723133468736,bootstrap_2000,2000.0,42,,,,,,,,,,
Q6,primary,oxford_public_sector_adoption,OLS_full,const,77.0126676968278,7.939182981903533,8.572317373839865e-09,44.356180669437435,110.43083594728816,0.002,36,0.45019723133468736,bootstrap_2000,2000.0,42,,,,,,,,,,
Q6,primary,oxford_public_sector_adoption,Logistic,__model_metadata__,,,,,,,36,,,,42,76.525,median,18.0,18.0,0.4909166666666666,0.2069381449451341,,"{""penalty"":""l2"",""C"":1.0}",,
Q6,primary,oxford_public_sector_adoption,Logistic,n_binding,0.18415413889128762,,,,,,36,,,,42,,,,,,,,,,
Q6,primary,oxford_public_sector_adoption,Logistic,n_non_binding,-0.13619455217114373,,,,,,36,,,,42,,,,,,,,,,
Q6,primary,oxford_public_sector_adoption,Logistic,n_hybrid,0.014823262388775545,,,,,,36,,,,42,,,,,,,,,,
Q6,primary,oxford_public_sector_adoption,Logistic,regulatory_intensity,0.0056042877822743056,,,,,,36,,,,42,,,,,,,,,,
Q6,primary,oxford_public_sector_adoption,Logistic,n_regulatory_mechanisms,0.06278284910891817,,,,,,36,,,,42,,,,,,,,,,
Q6,primary,oxford_public_sector_adoption,Logistic,wb_gdp_per_capita_ppp_z,-0.4746887003079992,,,,,,36,,,,42,,,,,,,,,,
Q6,primary,oxford_public_sector_adoption,Logistic,wb_internet_penetration_z,-0.07484104834646017,,,,,,36,,,,42,,,,,,,,,,
Q6,primary,oxford_public_sector_adoption,Logistic,wb_tertiary_education_enrollment_z,0.1871629359362054,,,,,,36,,,,42,,,,,,,,,,
Q6,primary,oxford_public_sector_adoption,Logistic,wb_rd_expenditure_pct_gdp_z,-0.4630599533086866,,,,,,36,,,,42,,,,,,,,,,
Q6,primary,oxford_public_sector_adoption,Logistic,wb_researchers_rd_per_million_z,0.444075406562175,,,,,,36,,,,42,,,,,,,,,,
Q6,primary,oxford_public_sector_adoption,Logistic,wb_government_effectiveness_z,-0.2564142259662816,,,,,,36,,,,42,,,,,,,,,,
Q6,primary,oxford_public_sector_adoption,Logistic,wb_rule_of_law_z,0.48964914096739903,,,,,,36,,,,42,,,,,,,,,,
Q6,primary,oxford_public_sector_adoption,Logistic,wb_regulatory_quality_z,-0.5696119959935341,,,,,,36,,,,42,,,,,,,,,,
Q6,primary,oxford_public_sector_adoption,Logistic,wipo_in_score_z,0.323555107521665,,,,,,36,,,,42,,,,,,,,,,
Q6,primary,oxford_public_sector_adoption,Logistic,wb_mobile_subscriptions_per100_z,-0.06087448863705373,,,,,,36,,,,42,,,,,,,,,,
Q6,primary,oxford_public_sector_adoption,Logistic,wb_secure_servers_per_1m_z,0.5121754018252577,,,,,,36,,,,42,,,,,,,,,,
Q6,primary,oxford_public_sector_adoption,Logistic,wb_electric_consumption_kwh_pc_z,0.4165086562900225,,,,,,36,,,,42,,,,,,,,,,
Q6,primary,oxford_e_government_delivery,OLS_full,n_binding,12.238492244442487,12.326068253083065,0.33323855049550655,-65.76736326001463,82.96544190877566,0.693,36,0.4979413581396497,bootstrap_2000,2000.0,42,,,,,,,,,0.5700613516031483,False
Q6,primary,oxford_e_government_delivery,OLS_full,n_non_binding,-11.391424594123507,7.857535085429638,0.16343635469949103,-59.28194883933956,40.599874703430686,0.415,36,0.4979413581396497,bootstrap_2000,2000.0,42,,,,,,,,,,
Q6,primary,oxford_e_government_delivery,OLS_full,n_hybrid,2.52126819191637,7.712159820521427,0.7473016671604197,-39.87454905100712,64.19849542653579,0.854,36,0.4979413581396497,bootstrap_2000,2000.0,42,,,,,,,,,,
Q6,primary,oxford_e_government_delivery,OLS_full,regulatory_intensity,-38.79553253223318,97.94103423245329,0.6964361786889147,-687.8861342974337,681.5791556466868,0.706,36,0.4979413581396497,bootstrap_2000,2000.0,42,,,,,,,,,,
Q6,primary,oxford_e_government_delivery,OLS_full,n_regulatory_mechanisms,3.3683358422350436,3.613524820677787,0.36295524959978176,-25.47209246686128,26.33214182969633,0.532,36,0.4979413581396497,bootstrap_2000,2000.0,42,,,,,,,,,,
Q6,primary,oxford_e_government_delivery,OLS_full,wb_gdp_per_capita_ppp_z,0.9832686355554898,2.4693195935969077,0.694926024420223,-7.708140019608015,11.191479130777834,0.785,36,0.4979413581396497,bootstrap_2000,2000.0,42,,,,,,,,,,
Q6,primary,oxford_e_government_delivery,OLS_full,wb_internet_penetration_z,-1.7600866238344732,2.309231694282066,0.45530164872373846,-11.07486930816418,4.999097502793253,0.355,36,0.4979413581396497,bootstrap_2000,2000.0,42,,,,,,,,,,
Q6,primary,oxford_e_government_delivery,OLS_full,wb_tertiary_education_enrollment_z,-0.033252202573186285,1.3838950557929537,0.9810808525069207,-4.558496992800702,7.411341992487574,0.99,36,0.4979413581396497,bootstrap_2000,2000.0,42,,,,,,,,,,
Q6,primary,oxford_e_government_delivery,OLS_full,wb_rd_expenditure_pct_gdp_z,-9.751061036175724,6.115653626871298,0.12733650077961614,-26.91720970511115,9.868584546171139,0.223,36,0.4979413581396497,bootstrap_2000,2000.0,42,,,,,,,,,,
Q6,primary,oxford_e_government_delivery,OLS_full,wb_researchers_rd_per_million_z,6.494998523295351,5.290024658325815,0.23452289553238362,-11.44182841430291,29.036017121441404,0.255,36,0.4979413581396497,bootstrap_2000,2000.0,42,,,,,,,,,,
Q6,primary,oxford_e_government_delivery,OLS_full,wb_government_effectiveness_z,-4.350087758996036,10.10864793823459,0.6717949411201944,-37.397545872652145,41.626695509975036,0.885,36,0.4979413581396497,bootstrap_2000,2000.0,42,,,,,,,,,,
Q6,primary,oxford_e_government_delivery,OLS_full,wb_rule_of_law_z,10.11942366721766,7.405676421016212,0.1877549694458029,-24.355472152549186,37.29959918258287,0.627,36,0.4979413581396497,bootstrap_2000,2000.0,42,,,,,,,,,,
Q6,primary,oxford_e_government_delivery,OLS_full,wb_regulatory_quality_z,-11.164188806197366,8.900226447264656,0.22491975502483771,-45.36335254191264,17.108153815157095,0.529,36,0.4979413581396497,bootstrap_2000,2000.0,42,,,,,,,,,,
Q6,primary,oxford_e_government_delivery,OLS_full,wipo_in_score_z,6.373333761532512,7.479035587766726,0.4047392077990898,-20.091501737148466,28.29505386094215,0.794,36,0.4979413581396497,bootstrap_2000,2000.0,42,,,,,,,,,,
Q6,primary,oxford_e_government_delivery,OLS_full,wb_mobile_subscriptions_per100_z,1.070245830852631,1.3098425345732285,0.4240104309112829,-4.460871328503953,7.595796030749197,0.569,36,0.4979413581396497,bootstrap_2000,2000.0,42,,,,,,,,,,
Q6,primary,oxford_e_government_delivery,OLS_full,wb_secure_servers_per_1m_z,1.206435246883526,1.7198474611043897,0.4915082991636277,-4.004998178096221,6.517088312791105,0.965,36,0.4979413581396497,bootstrap_2000,2000.0,42,,,,,,,,,,
Q6,primary,oxford_e_government_delivery,OLS_full,wb_electric_consumption_kwh_pc_z,0.309483888434424,1.2456624670264391,0.8064524401308967,-4.051540986004052,7.2831888560082305,0.772,36,0.4979413581396497,bootstrap_2000,2000.0,42,,,,,,,,,,
Q6,primary,oxford_e_government_delivery,OLS_full,const,89.365788540903,7.204970037091703,1.4793818215878004e-10,62.890080778784835,110.67731756040061,0.002,36,0.4979413581396497,bootstrap_2000,2000.0,42,,,,,,,,,,
Q6,primary,oxford_e_government_delivery,Logistic,__model_metadata__,,,,,,,36,,,,42,89.19,median,18.0,18.0,0.6398333333333334,0.25267755033727163,,"{""penalty"":""l2"",""C"":1.0}",,
Q6,primary,oxford_e_government_delivery,Logistic,n_binding,0.6610990851343644,,,,,,36,,,,42,,,,,,,,,,
Q6,primary,oxford_e_government_delivery,Logistic,n_non_binding,-0.9075321134446742,,,,,,36,,,,42,,,,,,,,,,
Q6,primary,oxford_e_government_delivery,Logistic,n_hybrid,0.44277749968033314,,,,,,36,,,,42,,,,,,,,,,
Q6,primary,oxford_e_government_delivery,Logistic,regulatory_intensity,0.1163057857865191,,,,,,36,,,,42,,,,,,,,,,
Q6,primary,oxford_e_government_delivery,Logistic,n_regulatory_mechanisms,0.19634447137002337,,,,,,36,,,,42,,,,,,,,,,
Q6,primary,oxford_e_government_delivery,Logistic,wb_gdp_per_capita_ppp_z,-0.10704943088761452,,,,,,36,,,,42,,,,,,,,,,
Q6,primary,oxford_e_government_delivery,Logistic,wb_internet_penetration_z,-0.31552244932795104,,,,,,36,,,,42,,,,,,,,,,
Q6,primary,oxford_e_government_delivery,Logistic,wb_tertiary_education_enrollment_z,0.10857251272921832,,,,,,36,,,,42,,,,,,,,,,
Q6,primary,oxford_e_government_delivery,Logistic,wb_rd_expenditure_pct_gdp_z,-0.6508916958425737,,,,,,36,,,,42,,,,,,,,,,
Q6,primary,oxford_e_government_delivery,Logistic,wb_researchers_rd_per_million_z,0.5810805208040691,,,,,,36,,,,42,,,,,,,,,,
Q6,primary,oxford_e_government_delivery,Logistic,wb_government_effectiveness_z,-0.2690036281775487,,,,,,36,,,,42,,,,,,,,,,
Q6,primary,oxford_e_government_delivery,Logistic,wb_rule_of_law_z,-0.01913807976610461,,,,,,36,,,,42,,,,,,,,,,
Q6,primary,oxford_e_government_delivery,Logistic,wb_regulatory_quality_z,0.5781484111389869,,,,,,36,,,,42,,,,,,,,,,
Q6,primary,oxford_e_government_delivery,Logistic,wipo_in_score_z,0.31839770126269384,,,,,,36,,,,42,,,,,,,,,,
Q6,primary,oxford_e_government_delivery,Logistic,wb_mobile_subscriptions_per100_z,0.3431909123701356,,,,,,36,,,,42,,,,,,,,,,
Q6,primary,oxford_e_government_delivery,Logistic,wb_secure_servers_per_1m_z,0.29862849585211865,,,,,,36,,,,42,,,,,,,,,,
Q6,primary,oxford_e_government_delivery,Logistic,wb_electric_consumption_kwh_pc_z,0.21113195541510474,,,,,,36,,,,42,,,,,,,,,,
Q6,primary,oxford_government_digital_policy,OLS_full,n_binding,9.316832722151469,21.453048205386306,0.6689701126326771,-173.63109977924594,142.67185003858123,0.931,36,0.41424532824017535,bootstrap_2000,2000.0,42,,,,,,,,,0.6689701126326771,False
Q6,primary,oxford_government_digital_policy,OLS_full,n_non_binding,1.8071770358717032,13.6757379159468,0.8962591667832194,-86.13072494721794,115.47088001552788,0.903,36,0.41424532824017535,bootstrap_2000,2000.0,42,,,,,,,,,,
Q6,primary,oxford_government_digital_policy,OLS_full,n_hybrid,-12.150096181112339,13.422717852946047,0.3767009862666637,-105.60065922845303,117.07269998174651,0.687,36,0.41424532824017535,bootstrap_2000,2000.0,42,,,,,,,,,,
Q6,primary,oxford_government_digital_policy,OLS_full,regulatory_intensity,2.3255085946053384,170.46260701571757,0.9892575601019202,-1227.2345128229824,1591.171439563887,0.949,36,0.41424532824017535,bootstrap_2000,2000.0,42,,,,,,,,,,
Q6,primary,oxford_government_digital_policy,OLS_full,n_regulatory_mechanisms,-1.0260864230891888,6.289201112444794,0.8721227480707558,-62.55159451923403,43.69569510170303,0.882,36,0.41424532824017535,bootstrap_2000,2000.0,42,,,,,,,,,,
Q6,primary,oxford_government_digital_policy,OLS_full,wb_gdp_per_capita_ppp_z,-0.36572623271791116,4.297755877076953,0.9330745564686656,-23.28075563872956,13.966758382374419,0.666,36,0.41424532824017535,bootstrap_2000,2000.0,42,,,,,,,,,,
Q6,primary,oxford_government_digital_policy,OLS_full,wb_internet_penetration_z,-2.1136886764107237,4.01912903917661,0.605037446771457,-18.152971952808954,15.68925363633615,0.885,36,0.41424532824017535,bootstrap_2000,2000.0,42,,,,,,,,,,
Q6,primary,oxford_government_digital_policy,OLS_full,wb_tertiary_education_enrollment_z,0.4287477138518726,2.4086161729386895,0.8606025449310859,-10.435431478016694,13.217800957186691,0.696,36,0.41424532824017535,bootstrap_2000,2000.0,42,,,,,,,,,,
Q6,primary,oxford_government_digital_policy,OLS_full,wb_rd_expenditure_pct_gdp_z,-10.521992854732229,10.644060163458791,0.33531481642545347,-50.24266913808728,26.858798589050906,0.522,36,0.41424532824017535,bootstrap_2000,2000.0,42,,,,,,,,,,
Q6,primary,oxford_government_digital_policy,OLS_full,wb_researchers_rd_per_million_z,6.316286444712324,9.207084665814657,0.5009839897125588,-39.107644115053446,43.350059071981526,0.751,36,0.41424532824017535,bootstrap_2000,2000.0,42,,,,,,,,,,
Q6,primary,oxford_government_digital_policy,OLS_full,wb_government_effectiveness_z,-0.7662120065937188,17.593713344560054,0.9657172819649007,-64.42904465871666,84.93265004433924,0.648,36,0.41424532824017535,bootstrap_2000,2000.0,42,,,,,,,,,,
Q6,primary,oxford_government_digital_policy,OLS_full,wb_rule_of_law_z,6.178482891979309,12.889295271735575,0.6371607615825745,-53.90734552540635,62.05978907536726,0.915,36,0.41424532824017535,bootstrap_2000,2000.0,42,,,,,,,,,,
Q6,primary,oxford_government_digital_policy,OLS_full,wb_regulatory_quality_z,-9.841800086972023,15.490502169194505,0.5327819215439177,-69.18589678892478,52.35112948411912,0.6,36,0.41424532824017535,bootstrap_2000,2000.0,42,,,,,,,,,,
Q6,primary,oxford_government_digital_policy,OLS_full,wipo_in_score_z,10.32896631821181,13.016974082877326,0.4372847579655984,-35.94183817102112,53.57208020244481,0.485,36,0.41424532824017535,bootstrap_2000,2000.0,42,,,,,,,,,,
Q6,primary,oxford_government_digital_policy,OLS_full,wb_mobile_subscriptions_per100_z,1.0789131568333006,2.2797306049831656,0.641417192169313,-12.077330093133442,13.333135653302763,0.79,36,0.41424532824017535,bootstrap_2000,2000.0,42,,,,,,,,,,
Q6,primary,oxford_government_digital_policy,OLS_full,wb_secure_servers_per_1m_z,3.3217218378408644,2.9933284265041364,0.28097287139680416,-8.517363635481054,12.850066735659498,0.612,36,0.41424532824017535,bootstrap_2000,2000.0,42,,,,,,,,,,
Q6,primary,oxford_government_digital_policy,OLS_full,wb_electric_consumption_kwh_pc_z,0.46751935302788805,2.1680276633284468,0.8315643107341967,-11.54206351567992,9.835160217838991,0.934,36,0.41424532824017535,bootstrap_2000,2000.0,42,,,,,,,,,,
Q6,primary,oxford_government_digital_policy,OLS_full,const,64.6579080362036,12.539973522005342,5.616066589581591e-05,16.987843481882276,118.71233948376373,0.028,36,0.41424532824017535,bootstrap_2000,2000.0,42,,,,,,,,,,
Q6,primary,oxford_government_digital_policy,Logistic,__model_metadata__,,,,,,,36,,,,42,68.91,median,18.0,18.0,0.6806666666666665,0.22534812574720423,,"{""penalty"":""l2"",""C"":1.0}",,
Q6,primary,oxford_government_digital_policy,Logistic,n_binding,-0.12392723567378823,,,,,,36,,,,42,,,,,,,,,,
Q6,primary,oxford_government_digital_policy,Logistic,n_non_binding,0.6628308320472747,,,,,,36,,,,42,,,,,,,,,,
Q6,primary,oxford_government_digital_policy,Logistic,n_hybrid,-0.626868877704,,,,,,36,,,,42,,,,,,,,,,
Q6,primary,oxford_government_digital_policy,Logistic,regulatory_intensity,-0.06402766082892757,,,,,,36,,,,42,,,,,,,,,,
Q6,primary,oxford_government_digital_policy,Logistic,n_regulatory_mechanisms,-0.08796528133051332,,,,,,36,,,,42,,,,,,,,,,
Q6,primary,oxford_government_digital_policy,Logistic,wb_gdp_per_capita_ppp_z,-0.6421646103705405,,,,,,36,,,,42,,,,,,,,,,
Q6,primary,oxford_government_digital_policy,Logistic,wb_internet_penetration_z,-0.26063546519362224,,,,,,36,,,,42,,,,,,,,,,
Q6,primary,oxford_government_digital_policy,Logistic,wb_tertiary_education_enrollment_z,0.11678691415647495,,,,,,36,,,,42,,,,,,,,,,
Q6,primary,oxford_government_digital_policy,Logistic,wb_rd_expenditure_pct_gdp_z,-0.6874928995101294,,,,,,36,,,,42,,,,,,,,,,
Q6,primary,oxford_government_digital_policy,Logistic,wb_researchers_rd_per_million_z,0.1767481325594458,,,,,,36,,,,42,,,,,,,,,,
Q6,primary,oxford_government_digital_policy,Logistic,wb_government_effectiveness_z,-0.1512609264608576,,,,,,36,,,,42,,,,,,,,,,
Q6,primary,oxford_government_digital_policy,Logistic,wb_rule_of_law_z,0.43431280249545606,,,,,,36,,,,42,,,,,,,,,,
Q6,primary,oxford_government_digital_policy,Logistic,wb_regulatory_quality_z,0.203748181441109,,,,,,36,,,,42,,,,,,,,,,
Q6,primary,oxford_government_digital_policy,Logistic,wipo_in_score_z,0.21600821050470267,,,,,,36,,,,42,,,,,,,,,,
Q6,primary,oxford_government_digital_policy,Logistic,wb_mobile_subscriptions_per100_z,-0.07741290298351837,,,,,,36,,,,42,,,,,,,,,,
Q6,primary,oxford_government_digital_policy,Logistic,wb_secure_servers_per_1m_z,0.7869596582038154,,,,,,36,,,,42,,,,,,,,,,
Q6,primary,oxford_government_digital_policy,Logistic,wb_electric_consumption_kwh_pc_z,0.38114408376200276,,,,,,36,,,,42,,,,,,,,,,
Q6,primary,oxford_ind_data_governance,OLS_full,n_binding,16.99348301765722,22.332997913669455,0.45604908128251864,-158.18730105292758,157.42506068960782,0.825,36,0.6600122199043954,bootstrap_2000,2000.0,42,,,,,,,,,0.5700613516031483,False
Q6,primary,oxford_ind_data_governance,OLS_full,n_non_binding,-17.47192646243795,14.23668205192617,0.2347193681048123,-117.83945195982695,93.89007853965012,0.683,36,0.6600122199043954,bootstrap_2000,2000.0,42,,,,,,,,,,
Q6,primary,oxford_ind_data_governance,OLS_full,n_hybrid,6.675795221668446,13.973283746705675,0.6382754457193051,-99.51419838982508,104.32113245804918,0.795,36,0.6600122199043954,bootstrap_2000,2000.0,42,,,,,,,,,,
Q6,primary,oxford_ind_data_governance,OLS_full,regulatory_intensity,-83.88815245325273,177.45455146485205,0.6417906066027773,-1587.406969501381,1417.9293748810446,0.983,36,0.6600122199043954,bootstrap_2000,2000.0,42,,,,,,,,,,
Q6,primary,oxford_ind_data_governance,OLS_full,n_regulatory_mechanisms,6.1973517768871496,6.547168214893217,0.3557419939938602,-50.056067023721624,58.78097114099057,0.785,36,0.6600122199043954,bootstrap_2000,2000.0,42,,,,,,,,,,
Q6,primary,oxford_ind_data_governance,OLS_full,wb_gdp_per_capita_ppp_z,-6.3237386287356046,4.474038939236694,0.17370421286896404,-25.755135356201,16.499797875738693,0.499,36,0.6600122199043954,bootstrap_2000,2000.0,42,,,,,,,,,,
Q6,primary,oxford_ind_data_governance,OLS_full,wb_internet_penetration_z,-2.6365904433078855,4.1839835340585,0.5360940931771132,-18.059149437013012,17.78780978450656,0.808,36,0.6600122199043954,bootstrap_2000,2000.0,42,,,,,,,,,,
Q6,primary,oxford_ind_data_governance,OLS_full,wb_tertiary_education_enrollment_z,-1.0753600294843069,2.5074115086155713,0.672839210943162,-15.14732043485929,8.482007367992665,0.665,36,0.6600122199043954,bootstrap_2000,2000.0,42,,,,,,,,,,
Q6,primary,oxford_ind_data_governance,OLS_full,wb_rd_expenditure_pct_gdp_z,-11.136791614087599,11.080652555650042,0.3274941371058674,-60.603823733562905,25.48756178629981,0.333,36,0.6600122199043954,bootstrap_2000,2000.0,42,,,,,,,,,,
Q6,primary,oxford_ind_data_governance,OLS_full,wb_researchers_rd_per_million_z,10.635411863963801,9.58473596218324,0.28101016676531976,-35.707506362327166,41.495355128316085,0.589,36,0.6600122199043954,bootstrap_2000,2000.0,42,,,,,,,,,,
Q6,primary,oxford_ind_data_governance,OLS_full,wb_government_effectiveness_z,11.825157316831806,18.31536291048402,0.5262328641085912,-77.89708232231882,71.4912339575548,0.974,36,0.6600122199043954,bootstrap_2000,2000.0,42,,,,,,,,,,
Q6,primary,oxford_ind_data_governance,OLS_full,wb_rule_of_law_z,1.7817012387254838,13.417981522088166,0.8957599483961814,-36.57995049992503,111.01603015744165,0.782,36,0.6600122199043954,bootstrap_2000,2000.0,42,,,,,,,,,,
Q6,primary,oxford_ind_data_governance,OLS_full,wb_regulatory_quality_z,0.9311370107814105,16.125883339014457,0.9545572708650933,-98.82742101719971,51.113021544561015,0.778,36,0.6600122199043954,bootstrap_2000,2000.0,42,,,,,,,,,,
Q6,primary,oxford_ind_data_governance,OLS_full,wipo_in_score_z,7.543958710577609,13.550897394720785,0.5842221672765979,-30.0107178456879,81.51619926451735,0.32,36,0.6600122199043954,bootstrap_2000,2000.0,42,,,,,,,,,,
Q6,primary,oxford_ind_data_governance,OLS_full,wb_mobile_subscriptions_per100_z,1.532631981578037,2.3732393810607504,0.5261339748981751,-11.598618445178253,12.299198460221268,0.675,36,0.6600122199043954,bootstrap_2000,2000.0,42,,,,,,,,,,
Q6,primary,oxford_ind_data_governance,OLS_full,wb_secure_servers_per_1m_z,1.0685629056131205,3.1161071780587357,0.7354265164102447,-11.875854660513328,13.291621732622598,0.723,36,0.6600122199043954,bootstrap_2000,2000.0,42,,,,,,,,,,
Q6,primary,oxford_ind_data_governance,OLS_full,wb_electric_consumption_kwh_pc_z,1.320802106341822,2.2569546676231873,0.5652899359502408,-9.343325662547059,11.17902820716419,0.638,36,0.6600122199043954,bootstrap_2000,2000.0,42,,,,,,,,,,
Q6,primary,oxford_ind_data_governance,OLS_full,const,74.86932372083095,13.054331478829237,1.5820809197523117e-05,31.040044147632766,138.88407212004591,0.006,36,0.6600122199043954,bootstrap_2000,2000.0,42,,,,,,,,,,
Q6,primary,oxford_ind_data_governance,Logistic,__model_metadata__,,,,,,,36,,,,42,50.0,median,1.0,35.0,,,,"{""penalty"":""l2"",""C"":1.0}",,
Q6,primary,oxford_ind_data_governance,Logistic,n_binding,0.16774370400514943,,,,,,36,,,,42,,,,,,,,,,
Q6,primary,oxford_ind_data_governance,Logistic,n_non_binding,0.2445207490695443,,,,,,36,,,,42,,,,,,,,,,
Q6,primary,oxford_ind_data_governance,Logistic,n_hybrid,0.08648255182045872,,,,,,36,,,,42,,,,,,,,,,
Q6,primary,oxford_ind_data_governance,Logistic,regulatory_intensity,0.01841762146279078,,,,,,36,,,,42,,,,,,,,,,
Q6,primary,oxford_ind_data_governance,Logistic,n_regulatory_mechanisms,0.49874700489515233,,,,,,36,,,,42,,,,,,,,,,
Q6,primary,oxford_ind_data_governance,Logistic,wb_gdp_per_capita_ppp_z,-0.444123646682495,,,,,,36,,,,42,,,,,,,,,,
Q6,primary,oxford_ind_data_governance,Logistic,wb_internet_penetration_z,0.45280012274446646,,,,,,36,,,,42,,,,,,,,,,
Q6,primary,oxford_ind_data_governance,Logistic,wb_tertiary_education_enrollment_z,-0.12505156134143466,,,,,,36,,,,42,,,,,,,,,,
Q6,primary,oxford_ind_data_governance,Logistic,wb_rd_expenditure_pct_gdp_z,-0.6284259193605561,,,,,,36,,,,42,,,,,,,,,,
Q6,primary,oxford_ind_data_governance,Logistic,wb_researchers_rd_per_million_z,-0.7487303279997876,,,,,,36,,,,42,,,,,,,,,,
Q6,primary,oxford_ind_data_governance,Logistic,wb_government_effectiveness_z,0.1846771859698462,,,,,,36,,,,42,,,,,,,,,,
Q6,primary,oxford_ind_data_governance,Logistic,wb_rule_of_law_z,0.45685719986155404,,,,,,36,,,,42,,,,,,,,,,
Q6,primary,oxford_ind_data_governance,Logistic,wb_regulatory_quality_z,0.12202493720817462,,,,,,36,,,,42,,,,,,,,,,
Q6,primary,oxford_ind_data_governance,Logistic,wipo_in_score_z,0.9009460462535904,,,,,,36,,,,42,,,,,,,,,,
Q6,primary,oxford_ind_data_governance,Logistic,wb_mobile_subscriptions_per100_z,-1.608278819005232,,,,,,36,,,,42,,,,,,,,,,
Q6,primary,oxford_ind_data_governance,Logistic,wb_secure_servers_per_1m_z,0.1331645075978179,,,,,,36,,,,42,,,,,,,,,,
Q6,primary,oxford_ind_data_governance,Logistic,wb_electric_consumption_kwh_pc_z,0.6661970521638219,,,,,,36,,,,42,,,,,,,,,,
Q6,primary,oecd_2_indigo_oecd_indigo_score,OLS_full,n_binding,0.024150880755501394,0.017587111007032905,0.1856752666261596,-0.13176871388145409,0.13089118578789755,0.731,36,0.6688023541202104,bootstrap_2000,2000.0,42,,,,,,,,,0.5700613516031483,False
Q6,primary,oecd_2_indigo_oecd_indigo_score,OLS_full,n_non_binding,-0.013551043367740497,0.011211307527405717,0.24160819946299553,-0.07752174602051815,0.10219556198166234,0.613,36,0.6688023541202104,bootstrap_2000,2000.0,42,,,,,,,,,,
Q6,primary,oecd_2_indigo_oecd_indigo_score,OLS_full,n_hybrid,-0.004696802389529908,0.01100388283454163,0.674299613127811,-0.10246147044285345,0.09924361861244362,0.933,36,0.6688023541202104,bootstrap_2000,2000.0,42,,,,,,,,,,
Q6,primary,oecd_2_indigo_oecd_indigo_score,OLS_full,regulatory_intensity,-0.21531588202821933,0.13974446723990225,0.13985973771433985,-0.9551441421345769,1.3608332558040623,0.625,36,0.6688023541202104,bootstrap_2000,2000.0,42,,,,,,,,,,
Q6,primary,oecd_2_indigo_oecd_indigo_score,OLS_full,n_regulatory_mechanisms,0.005903034998229754,0.005155858368059341,0.2664612252964523,-0.05512636891223777,0.03679234521732438,0.647,36,0.6688023541202104,bootstrap_2000,2000.0,42,,,,,,,,,,
Q6,primary,oecd_2_indigo_oecd_indigo_score,OLS_full,wb_gdp_per_capita_ppp_z,-0.0031965118174318713,0.003523280653063696,0.3756357078735507,-0.015245937651928885,0.013253538212100789,0.68,36,0.6688023541202104,bootstrap_2000,2000.0,42,,,,,,,,,,
Q6,primary,oecd_2_indigo_oecd_indigo_score,OLS_full,wb_internet_penetration_z,0.0027641333159609174,0.0032948636430062835,0.41194412643403566,-0.017385835509197523,0.010582574610767625,0.919,36,0.6688023541202104,bootstrap_2000,2000.0,42,,,,,,,,,,
Q6,primary,oecd_2_indigo_oecd_indigo_score,OLS_full,wb_tertiary_education_enrollment_z,0.0001923727604619663,0.001974572545647468,0.9234092758696023,-0.007084855629088271,0.009425541830047793,0.855,36,0.6688023541202104,bootstrap_2000,2000.0,42,,,,,,,,,,
Q6,primary,oecd_2_indigo_oecd_indigo_score,OLS_full,wb_rd_expenditure_pct_gdp_z,0.0024523428436767037,0.008725951942497659,0.7817172677613475,-0.03329981702095082,0.02449436163594807,0.785,36,0.6688023541202104,bootstrap_2000,2000.0,42,,,,,,,,,,
Q6,primary,oecd_2_indigo_oecd_indigo_score,OLS_full,wb_researchers_rd_per_million_z,0.012227040829990769,0.00754792598788723,0.12172839657039422,-0.012499866818934821,0.04646560000374642,0.222,36,0.6688023541202104,bootstrap_2000,2000.0,42,,,,,,,,,,
Q6,primary,oecd_2_indigo_oecd_indigo_score,OLS_full,wb_government_effectiveness_z,0.009805516519382246,0.014423245902137383,0.5048046273813562,-0.04700886526185816,0.0649873845956776,0.484,36,0.6688023541202104,bootstrap_2000,2000.0,42,,,,,,,,,,
Q6,primary,oecd_2_indigo_oecd_indigo_score,OLS_full,wb_rule_of_law_z,-0.01376179693195884,0.01056658543700671,0.20835057681940838,-0.05840667737774248,0.02652212628920175,0.318,36,0.6688023541202104,bootstrap_2000,2000.0,42,,,,,,,,,,
Q6,primary,oecd_2_indigo_oecd_indigo_score,OLS_full,wb_regulatory_quality_z,0.019478919460833383,0.01269904297963153,0.14154062706555526,-0.03227025372721503,0.06311705070512029,0.372,36,0.6688023541202104,bootstrap_2000,2000.0,42,,,,,,,,,,
Q6,primary,oecd_2_indigo_oecd_indigo_score,OLS_full,wipo_in_score_z,-0.014605771416590651,0.01067125594365444,0.18705878045731522,-0.036900238493422104,0.031208627799915158,0.807,36,0.6688023541202104,bootstrap_2000,2000.0,42,,,,,,,,,,
Q6,primary,oecd_2_indigo_oecd_indigo_score,OLS_full,wb_mobile_subscriptions_per100_z,-0.004557167439777615,0.0018689127452714471,0.024741860459233263,-0.011100930534630689,0.008870854301997029,0.582,36,0.6688023541202104,bootstrap_2000,2000.0,42,,,,,,,,,,
Q6,primary,oecd_2_indigo_oecd_indigo_score,OLS_full,wb_secure_servers_per_1m_z,-0.0015737920144339966,0.002453916982492858,0.5289639652883138,-0.012152146374044742,0.004926704877772949,0.439,36,0.6688023541202104,bootstrap_2000,2000.0,42,,,,,,,,,,
Q6,primary,oecd_2_indigo_oecd_indigo_score,OLS_full,wb_electric_consumption_kwh_pc_z,-0.0017882704006354465,0.0017773391835152945,0.32698595299175126,-0.012600678114250951,0.004103220133149874,0.269,36,0.6688023541202104,bootstrap_2000,2000.0,42,,,,,,,,,,
Q6,primary,oecd_2_indigo_oecd_indigo_score,OLS_full,const,0.11202608164165817,0.010280213060882833,1.296019797440648e-09,0.08419884250137878,0.16035122000250032,0.0,36,0.6688023541202104,bootstrap_2000,2000.0,42,,,,,,,,,,
Q6,primary,oecd_2_indigo_oecd_indigo_score,Logistic,__model_metadata__,,,,,,,36,,,,42,0.11286954581737516,median,18.0,18.0,,,,"{""penalty"":""l2"",""C"":1.0}",,
Q6,primary,oecd_2_indigo_oecd_indigo_score,Logistic,n_binding,-0.30791153333693544,,,,,,36,,,,42,,,,,,,,,,
Q6,primary,oecd_2_indigo_oecd_indigo_score,Logistic,n_non_binding,0.29755633208644067,,,,,,36,,,,42,,,,,,,,,,
Q6,primary,oecd_2_indigo_oecd_indigo_score,Logistic,n_hybrid,-0.16843633308256423,,,,,,36,,,,42,,,,,,,,,,
Q6,primary,oecd_2_indigo_oecd_indigo_score,Logistic,regulatory_intensity,-0.11819515650571664,,,,,,36,,,,42,,,,,,,,,,
Q6,primary,oecd_2_indigo_oecd_indigo_score,Logistic,n_regulatory_mechanisms,-0.17879153433305905,,,,,,36,,,,42,,,,,,,,,,
Q6,primary,oecd_2_indigo_oecd_indigo_score,Logistic,wb_gdp_per_capita_ppp_z,-0.26637184409854253,,,,,,36,,,,42,,,,,,,,,,
Q6,primary,oecd_2_indigo_oecd_indigo_score,Logistic,wb_internet_penetration_z,0.40922061324790515,,,,,,36,,,,42,,,,,,,,,,
Q6,primary,oecd_2_indigo_oecd_indigo_score,Logistic,wb_tertiary_education_enrollment_z,0.22916043647899725,,,,,,36,,,,42,,,,,,,,,,
Q6,primary,oecd_2_indigo_oecd_indigo_score,Logistic,wb_rd_expenditure_pct_gdp_z,0.34433844218455517,,,,,,36,,,,42,,,,,,,,,,
Q6,primary,oecd_2_indigo_oecd_indigo_score,Logistic,wb_researchers_rd_per_million_z,0.5395381322010925,,,,,,36,,,,42,,,,,,,,,,
Q6,primary,oecd_2_indigo_oecd_indigo_score,Logistic,wb_government_effectiveness_z,-0.071690926092733,,,,,,36,,,,42,,,,,,,,,,
Q6,primary,oecd_2_indigo_oecd_indigo_score,Logistic,wb_rule_of_law_z,-0.3308132577061558,,,,,,36,,,,42,,,,,,,,,,
Q6,primary,oecd_2_indigo_oecd_indigo_score,Logistic,wb_regulatory_quality_z,0.18147635804781856,,,,,,36,,,,42,,,,,,,,,,
Q6,primary,oecd_2_indigo_oecd_indigo_score,Logistic,wipo_in_score_z,-0.3444550265611078,,,,,,36,,,,42,,,,,,,,,,
Q6,primary,oecd_2_indigo_oecd_indigo_score,Logistic,wb_mobile_subscriptions_per100_z,-0.7964024584993566,,,,,,36,,,,42,,,,,,,,,,
Q6,primary,oecd_2_indigo_oecd_indigo_score,Logistic,wb_secure_servers_per_1m_z,0.5440740974043814,,,,,,36,,,,42,,,,,,,,,,
Q6,primary,oecd_2_indigo_oecd_indigo_score,Logistic,wb_electric_consumption_kwh_pc_z,-0.2744831179320368,,,,,,36,,,,42,,,,,,,,,,
Q6,auxiliary_low_n,oecd_4_digital_gov_oecd_digital_gov_overall,OLS_full,n_binding,-0.04538343631167168,0.5677229708110562,0.9382490010599254,-6.409913581160398,4.544556066880083,0.828,25,0.6833550314102891,bootstrap_2000,2000.0,42,,,,,,,,,,
Q6,auxiliary_low_n,oecd_4_digital_gov_oecd_digital_gov_overall,OLS_full,n_non_binding,-0.012674167673067838,0.3482767098069308,0.9718621920791648,-3.024518546718343,5.455378621828457,0.929,25,0.6833550314102891,bootstrap_2000,2000.0,42,,,,,,,,,,
Q6,auxiliary_low_n,oecd_4_digital_gov_oecd_digital_gov_overall,OLS_full,n_hybrid,0.06327026636428197,0.2506222116327307,0.8070564035513983,-9.182457110546968,5.382784867755763,0.902,25,0.6833550314102891,bootstrap_2000,2000.0,42,,,,,,,,,,
Q6,auxiliary_low_n,oecd_4_digital_gov_oecd_digital_gov_overall,OLS_full,regulatory_intensity,0.3330780053810083,5.394401554565265,0.9522805493687929,-22.750020309236472,59.73038053803968,0.876,25,0.6833550314102891,bootstrap_2000,2000.0,42,,,,,,,,,,
Q6,auxiliary_low_n,oecd_4_digital_gov_oecd_digital_gov_overall,OLS_full,n_regulatory_mechanisms,0.00521266237953634,0.19662455085689878,0.9794993469720492,-3.1985352251981136,1.3128977555342387,0.985,25,0.6833550314102891,bootstrap_2000,2000.0,42,,,,,,,,,,
Q6,auxiliary_low_n,oecd_4_digital_gov_oecd_digital_gov_overall,OLS_full,wb_gdp_per_capita_ppp_z,0.03559167156171662,0.05939030599907232,0.5655642885801765,-0.7857606886413931,0.9373284520108047,0.746,25,0.6833550314102891,bootstrap_2000,2000.0,42,,,,,,,,,,
Q6,auxiliary_low_n,oecd_4_digital_gov_oecd_digital_gov_overall,OLS_full,wb_internet_penetration_z,-0.007685005725971015,0.06793444304316955,0.9127196097290616,-1.0049788870387055,0.5913527543664667,0.924,25,0.6833550314102891,bootstrap_2000,2000.0,42,,,,,,,,,,
Q6,auxiliary_low_n,oecd_4_digital_gov_oecd_digital_gov_overall,OLS_full,wb_tertiary_education_enrollment_z,0.0008791939949947497,0.06424221505565224,0.9894159465787498,-0.7820161829274471,0.6924381533249739,0.944,25,0.6833550314102891,bootstrap_2000,2000.0,42,,,,,,,,,,
Q6,auxiliary_low_n,oecd_4_digital_gov_oecd_digital_gov_overall,OLS_full,wb_rd_expenditure_pct_gdp_z,-0.06735423161184699,0.19919853515343078,0.7439704204060205,-2.0072788484623367,2.3366485883001418,0.933,25,0.6833550314102891,bootstrap_2000,2000.0,42,,,,,,,,,,
Q6,auxiliary_low_n,oecd_4_digital_gov_oecd_digital_gov_overall,OLS_full,wb_researchers_rd_per_million_z,0.10568564952224023,0.2141777221894694,0.6349557181046057,-2.480460490711898,2.0903918704223208,0.674,25,0.6833550314102891,bootstrap_2000,2000.0,42,,,,,,,,,,
Q6,auxiliary_low_n,oecd_4_digital_gov_oecd_digital_gov_overall,OLS_full,wb_government_effectiveness_z,-0.04638902772898332,0.24513611806763103,0.8546193387199346,-3.752576749618584,3.473347241629389,0.992,25,0.6833550314102891,bootstrap_2000,2000.0,42,,,,,,,,,,
Q6,auxiliary_low_n,oecd_4_digital_gov_oecd_digital_gov_overall,OLS_full,wb_rule_of_law_z,-0.07946167657854315,0.14542406878207376,0.5996853180540351,-2.378409320438626,2.109450583840004,0.736,25,0.6833550314102891,bootstrap_2000,2000.0,42,,,,,,,,,,
Q6,auxiliary_low_n,oecd_4_digital_gov_oecd_digital_gov_overall,OLS_full,wb_regulatory_quality_z,0.004841746942404932,0.17557336699108653,0.9786752181633591,-2.293160309699326,2.3857351350852167,0.844,25,0.6833550314102891,bootstrap_2000,2000.0,42,,,,,,,,,,
Q6,auxiliary_low_n,oecd_4_digital_gov_oecd_digital_gov_overall,OLS_full,wipo_in_score_z,0.11134905148240336,0.1652609505846197,0.5194417580854997,-1.6076775621610537,2.321380188890309,0.818,25,0.6833550314102891,bootstrap_2000,2000.0,42,,,,,,,,,,
Q6,auxiliary_low_n,oecd_4_digital_gov_oecd_digital_gov_overall,OLS_full,wb_mobile_subscriptions_per100_z,0.022413786411561897,0.052090740181433476,0.6783460251599127,-0.4520933997765505,0.5435943144971123,0.643,25,0.6833550314102891,bootstrap_2000,2000.0,42,,,,,,,,,,
Q6,auxiliary_low_n,oecd_4_digital_gov_oecd_digital_gov_overall,OLS_full,wb_secure_servers_per_1m_z,0.011688712495829322,0.042014833561447716,0.7879105926028555,-0.4592053211198301,0.5041061180088492,0.999,25,0.6833550314102891,bootstrap_2000,2000.0,42,,,,,,,,,,
Q6,auxiliary_low_n,oecd_4_digital_gov_oecd_digital_gov_overall,OLS_full,wb_electric_consumption_kwh_pc_z,0.00857728329149219,0.042852406748758974,0.8463509569913658,-0.7898659840277247,0.5925266592331234,0.976,25,0.6833550314102891,bootstrap_2000,2000.0,42,,,,,,,,,,
Q6,auxiliary_low_n,oecd_4_digital_gov_oecd_digital_gov_overall,OLS_full,const,0.6105640828272848,0.15845938729055853,0.0048559675438753485,-1.4582122386730685,2.2660627843613144,0.271,25,0.6833550314102891,bootstrap_2000,2000.0,42,,,,,,,,,,
Q6,auxiliary_low_n,oecd_4_digital_gov_oecd_digital_gov_overall,Logistic,__model_metadata__,,,,,,,25,,,,42,0.56,median,12.0,13.0,,,,"{""penalty"":""l2"",""C"":1.0}",,
Q6,auxiliary_low_n,oecd_4_digital_gov_oecd_digital_gov_overall,Logistic,n_binding,-0.006814548628693013,,,,,,25,,,,42,,,,,,,,,,
Q6,auxiliary_low_n,oecd_4_digital_gov_oecd_digital_gov_overall,Logistic,n_non_binding,-0.03694695257311999,,,,,,25,,,,42,,,,,,,,,,
Q6,auxiliary_low_n,oecd_4_digital_gov_oecd_digital_gov_overall,Logistic,n_hybrid,0.03844206557502283,,,,,,25,,,,42,,,,,,,,,,
Q6,auxiliary_low_n,oecd_4_digital_gov_oecd_digital_gov_overall,Logistic,regulatory_intensity,-0.016120381084034918,,,,,,25,,,,42,,,,,,,,,,
Q6,auxiliary_low_n,oecd_4_digital_gov_oecd_digital_gov_overall,Logistic,n_regulatory_mechanisms,-0.005319435626789879,,,,,,25,,,,42,,,,,,,,,,
Q6,auxiliary_low_n,oecd_4_digital_gov_oecd_digital_gov_overall,Logistic,wb_gdp_per_capita_ppp_z,0.5755402687516179,,,,,,25,,,,42,,,,,,,,,,
Q6,auxiliary_low_n,oecd_4_digital_gov_oecd_digital_gov_overall,Logistic,wb_internet_penetration_z,-0.03868069542965239,,,,,,25,,,,42,,,,,,,,,,
Q6,auxiliary_low_n,oecd_4_digital_gov_oecd_digital_gov_overall,Logistic,wb_tertiary_education_enrollment_z,0.24812823115785537,,,,,,25,,,,42,,,,,,,,,,
Q6,auxiliary_low_n,oecd_4_digital_gov_oecd_digital_gov_overall,Logistic,wb_rd_expenditure_pct_gdp_z,-0.4172526902660642,,,,,,25,,,,42,,,,,,,,,,
Q6,auxiliary_low_n,oecd_4_digital_gov_oecd_digital_gov_overall,Logistic,wb_researchers_rd_per_million_z,-0.09534732922998354,,,,,,25,,,,42,,,,,,,,,,
Q6,auxiliary_low_n,oecd_4_digital_gov_oecd_digital_gov_overall,Logistic,wb_government_effectiveness_z,-0.13708741275908887,,,,,,25,,,,42,,,,,,,,,,
Q6,auxiliary_low_n,oecd_4_digital_gov_oecd_digital_gov_overall,Logistic,wb_rule_of_law_z,-0.2183625427708528,,,,,,25,,,,42,,,,,,,,,,
Q6,auxiliary_low_n,oecd_4_digital_gov_oecd_digital_gov_overall,Logistic,wb_regulatory_quality_z,-0.19868921554496652,,,,,,25,,,,42,,,,,,,,,,
Q6,auxiliary_low_n,oecd_4_digital_gov_oecd_digital_gov_overall,Logistic,wipo_in_score_z,0.12686410114157662,,,,,,25,,,,42,,,,,,,,,,
Q6,auxiliary_low_n,oecd_4_digital_gov_oecd_digital_gov_overall,Logistic,wb_mobile_subscriptions_per100_z,0.27464852659231703,,,,,,25,,,,42,,,,,,,,,,
Q6,auxiliary_low_n,oecd_4_digital_gov_oecd_digital_gov_overall,Logistic,wb_secure_servers_per_1m_z,0.9347993014723687,,,,,,25,,,,42,,,,,,,,,,
Q6,auxiliary_low_n,oecd_4_digital_gov_oecd_digital_gov_overall,Logistic,wb_electric_consumption_kwh_pc_z,0.4506509045270319,,,,,,25,,,,42,,,,,,,,,,
